race_name,course_len,rotation,weather,race_type,ground_state,date
2歳未勝利,1800,右,曇,芝,良,2020年7月25日
3歳未勝利,1700,右,曇,ダート,良,2020年7月25日
3歳未勝利,1500,右,曇,芝,良,2020年7月25日
3歳未勝利,1700,右,曇,ダート,良,2020年7月25日
2歳新馬,1200,右,晴,芝,良,2020年7月25日
3歳未勝利,2000,右,晴,芝,良,2020年7月25日
3歳以上1勝クラス,1000,右,晴,ダート,良,2020年7月25日
3歳以上1勝クラス,1700,右,晴,ダート,良,2020年7月25日
利尻特別 ,2000,右,晴,芝,良,2020年7月25日
大倉山特別 ,1700,右,晴,ダート,良,2020年7月25日
しらかばステークス ,1200,右,晴,芝,良,2020年7月25日
3歳以上1勝クラス,1200,右,曇,芝,良,2020年7月25日
2歳未勝利,1200,右,晴,芝,良,2020年7月26日
3歳未勝利,1000,右,晴,ダート,良,2020年7月26日
3歳未勝利,1700,右,晴,ダート,良,2020年7月26日
3歳未勝利,2000,右,晴,芝,良,2020年7月26日
2歳新馬,1800,右,晴,芝,良,2020年7月26日
2歳新馬,1700,右,晴,ダート,良,2020年7月26日
3歳以上1勝クラス,1800,右,晴,芝,良,2020年7月26日
3歳以上1勝クラス,1700,右,晴,ダート,良,2020年7月26日
HTB賞 ,2000,右,晴,芝,良,2020年7月26日
知床特別 ,1200,右,晴,芝,良,2020年7月26日
報知杯大雪ハンデ ,1700,右,晴,ダート,良,2020年7月26日
3歳以上1勝クラス,1500,右,晴,芝,良,2020年7月26日
2歳未勝利,1500,右,晴,芝,良,2020年8月1日
3歳未勝利,1700,右,晴,ダート,良,2020年8月1日
3歳未勝利,1000,右,晴,ダート,良,2020年8月1日
3歳未勝利,1700,右,晴,ダート,良,2020年8月1日
2歳新馬,1500,右,晴,芝,良,2020年8月1日
3歳未勝利,2000,右,晴,芝,良,2020年8月1日
3歳以上1勝クラス,1800,右,晴,芝,良,2020年8月1日
3歳以上2勝クラス,1000,右,晴,ダート,良,2020年8月1日
礼文特別 ,1200,右,晴,芝,良,2020年8月1日
阿寒湖特別 ,2600,右,晴,芝,良,2020年8月1日
STV賞 ,1800,右,晴,芝,良,2020年8月1日
3歳以上1勝クラス,1700,右,晴,ダート,良,2020年8月1日
2歳未勝利,1000,右,晴,ダート,良,2020年8月2日
3歳未勝利,1700,右,晴,ダート,良,2020年8月2日
3歳未勝利,2000,右,晴,芝,良,2020年8月2日
3歳未勝利,1200,右,晴,芝,良,2020年8月2日
2歳新馬,2000,右,晴,芝,良,2020年8月2日
3歳以上1勝クラス,1000,右,晴,ダート,良,2020年8月2日
3歳以上1勝クラス,2000,右,晴,芝,良,2020年8月2日
積丹特別 ,2600,右,晴,芝,良,2020年8月2日
3歳以上1勝クラス,1700,右,晴,ダート,良,2020年8月2日
ポプラ特別 ,1700,右,晴,ダート,良,2020年8月2日
第68回クイーンステークス(G3),1800,右,晴,芝,良,2020年8月2日
札幌道新スポーツ賞 ,1500,右,晴,芝,良,2020年8月2日
2歳未勝利,1700,右,曇,ダート,良,2020年8月8日
2歳未勝利,1800,右,曇,芝,良,2020年8月8日
3歳未勝利,1700,右,曇,ダート,良,2020年8月8日
3歳未勝利,1500,右,曇,芝,良,2020年8月8日
2歳新馬,1200,右,曇,芝,良,2020年8月8日
3歳未勝利,2000,右,曇,芝,良,2020年8月8日
3歳以上1勝クラス,1000,右,晴,ダート,良,2020年8月8日
3歳以上1勝クラス,1700,右,晴,ダート,良,2020年8月8日
北辰特別 ,1800,右,晴,芝,良,2020年8月8日
桑園特別 ,1700,右,晴,ダート,良,2020年8月8日
札幌日経オープン(L),2600,右,晴,芝,良,2020年8月8日
3歳以上1勝クラス,1500,右,晴,芝,良,2020年8月8日
2歳未勝利,1200,右,晴,芝,良,2020年8月9日
3歳未勝利,1000,右,晴,ダート,良,2020年8月9日
3歳未勝利,1700,右,晴,ダート,良,2020年8月9日
3歳未勝利,1200,右,晴,芝,良,2020年8月9日
2歳新馬,1800,右,晴,芝,良,2020年8月9日
3歳未勝利,2600,右,晴,芝,良,2020年8月9日
3歳以上1勝クラス,1700,右,晴,ダート,良,2020年8月9日
3歳以上1勝クラス,2000,右,晴,芝,良,2020年8月9日
ライラック賞 ,1800,右,晴,芝,良,2020年8月9日
HBC賞 ,1200,右,曇,芝,良,2020年8月9日
第25回エルムステークス(G3),1700,右,曇,ダート,良,2020年8月9日
3歳以上1勝クラス,1200,右,晴,芝,良,2020年8月9日
2歳未勝利,1800,右,晴,芝,稍重,2020年8月15日
2歳未勝利,1000,右,晴,ダート,不良,2020年8月15日
3歳未勝利,1700,右,晴,ダート,不良,2020年8月15日
3歳未勝利,1000,右,晴,ダート,不良,2020年8月15日
2歳新馬,1500,右,晴,芝,稍重,2020年8月15日
3歳未勝利,2000,右,晴,芝,稍重,2020年8月15日
3歳以上1勝クラス,1700,右,晴,ダート,不良,2020年8月15日
3歳以上1勝クラス,2600,右,晴,芝,稍重,2020年8月15日
3歳以上1勝クラス,1200,右,晴,芝,稍重,2020年8月15日
コスモス賞 ,1800,右,晴,芝,稍重,2020年8月15日
TVh賞 ,1700,右,晴,ダート,重,2020年8月15日
羊ヶ丘特別 ,1500,右,晴,芝,稍重,2020年8月15日
2歳未勝利,1200,右,曇,芝,良,2020年8月16日
3歳未勝利,1700,右,曇,ダート,重,2020年8月16日
3歳未勝利,1500,右,曇,芝,良,2020年8月16日
3歳未勝利,1700,右,曇,ダート,重,2020年8月16日
2歳新馬,1800,右,曇,芝,良,2020年8月16日
3歳以上1勝クラス,1000,右,曇,ダート,稍重,2020年8月16日
3歳以上1勝クラス,1700,右,曇,ダート,稍重,2020年8月16日
3歳以上1勝クラス,1500,右,晴,芝,良,2020年8月16日
3歳以上2勝クラス,1000,右,晴,ダート,稍重,2020年8月16日
藻岩山特別 ,2000,右,晴,芝,良,2020年8月16日
UHB賞 ,1200,右,曇,芝,良,2020年8月16日
石狩特別 ,1800,右,曇,芝,良,2020年8月16日
2歳未勝利,1800,右,晴,芝,良,2020年8月22日
3歳未勝利,1700,右,晴,ダート,良,2020年8月22日
3歳未勝利,1200,右,晴,芝,良,2020年8月22日
2歳新馬,1200,右,晴,芝,良,2020年8月22日
3歳未勝利,1700,右,晴,ダート,良,2020年8月22日
3歳未勝利,2000,右,晴,芝,良,2020年8月22日
3歳以上1勝クラス,1000,右,晴,ダート,良,2020年8月22日
3歳以上1勝クラス,1700,右,晴,ダート,良,2020年8月22日
富良野特別 ,2000,右,晴,芝,良,2020年8月22日
札幌日刊スポーツ杯 ,2600,右,晴,芝,良,2020年8月22日
千歳特別 ,1200,右,晴,芝,良,2020年8月22日
2歳未勝利,1500,右,晴,芝,良,2020年8月23日
3歳未勝利,1000,右,晴,ダート,良,2020年8月23日
3歳未勝利,1700,右,晴,ダート,良,2020年8月23日
3歳未勝利,2600,右,晴,芝,良,2020年8月23日
2歳新馬,2000,右,晴,芝,良,2020年8月23日
3歳以上1勝クラス,2400,右,晴,ダート,良,2020年8月23日
3歳以上1勝クラス,1700,右,晴,ダート,良,2020年8月23日
3歳以上1勝クラス,2000,右,晴,芝,良,2020年8月23日
クローバー賞 ,1500,右,晴,芝,良,2020年8月23日
大通公園特別 ,1700,右,晴,ダート,良,2020年8月23日
第56回札幌記念(G2),2000,右,晴,芝,良,2020年8月23日
手稲山特別 ,1200,右,晴,芝,良,2020年8月23日
2歳未勝利,1800,右,曇,芝,良,2020年8月29日
2歳未勝利,1200,右,曇,芝,良,2020年8月29日
3歳未勝利,1000,右,曇,ダート,良,2020年8月29日
3歳未勝利,1700,右,曇,ダート,良,2020年8月29日
2歳新馬,1700,右,曇,ダート,良,2020年8月29日
3歳未勝利,1500,右,曇,芝,良,2020年8月29日
3歳以上1勝クラス,1800,右,小雨,芝,良,2020年8月29日
3歳以上1勝クラス,1700,右,曇,ダート,良,2020年8月29日
ルスツ特別 ,2600,右,曇,芝,良,2020年8月29日
摩周湖特別 ,1200,右,曇,芝,良,2020年8月29日
オホーツクステークス ,2000,右,小雨,芝,良,2020年8月29日
ニセコ特別 ,1700,右,小雨,ダート,良,2020年8月29日
2歳未勝利,1500,右,雨,芝,重,2020年8月30日
3歳未勝利,1000,右,雨,ダート,不良,2020年8月30日
3歳未勝利,2400,右,雨,ダート,不良,2020年8月30日
3歳未勝利,2000,右,雨,芝,重,2020年8月30日
2歳新馬,1800,右,雨,芝,重,2020年8月30日
3歳未勝利,1700,右,小雨,ダート,不良,2020年8月30日
3歳以上1勝クラス,1000,右,小雨,ダート,不良,2020年8月30日
3歳以上1勝クラス,1500,右,小雨,芝,重,2020年8月30日
小樽特別 ,1200,右,小雨,芝,重,2020年8月30日
苫小牧特別 ,1700,右,小雨,ダート,不良,2020年8月30日
第15回キーンランドカップ(G3),1200,右,小雨,芝,重,2020年8月30日
支笏湖特別 ,1800,右,小雨,芝,重,2020年8月30日
2歳未勝利,1700,右,曇,ダート,良,2020年9月5日
3歳未勝利,1200,右,晴,芝,良,2020年9月5日
3歳未勝利,1700,右,晴,ダート,良,2020年9月5日
3歳未勝利,1700,右,晴,ダート,良,2020年9月5日
2歳新馬,1500,右,晴,芝,良,2020年9月5日
3歳以上1勝クラス,1000,右,晴,ダート,良,2020年9月5日
3歳以上1勝クラス,2000,右,晴,芝,良,2020年9月5日
3歳以上2勝クラス,2000,右,晴,芝,良,2020年9月5日
3歳以上1勝クラス,1700,右,晴,ダート,良,2020年9月5日
札幌スポニチ賞 ,1200,右,晴,芝,良,2020年9月5日
第55回札幌2歳ステークス(G3),1800,右,晴,芝,良,2020年9月5日
日高ステークス ,1500,右,晴,芝,良,2020年9月5日
2歳未勝利,2000,右,晴,芝,良,2020年9月6日
2歳未勝利,1200,右,晴,芝,良,2020年9月6日
3歳未勝利,1000,右,晴,ダート,良,2020年9月6日
3歳未勝利,1700,右,晴,ダート,良,2020年9月6日
3歳未勝利,2000,右,晴,芝,良,2020年9月6日
3歳以上1勝クラス,1200,右,晴,芝,良,2020年9月6日
3歳以上1勝クラス,1800,右,晴,芝,良,2020年9月6日
3歳以上1勝クラス,1700,右,晴,ダート,良,2020年9月6日
3歳以上1勝クラス,1500,右,晴,芝,良,2020年9月6日
すずらん賞 ,1200,右,晴,芝,良,2020年9月6日
丹頂ステークス ,2600,右,晴,芝,良,2020年9月6日
釧路湿原特別 ,1700,右,晴,ダート,良,2020年9月6日
3歳未勝利,1200,右,晴,芝,良,2020年6月13日
3歳未勝利,1700,右,晴,ダート,良,2020年6月13日
3歳未勝利,1000,右,晴,ダート,良,2020年6月13日
3歳未勝利,1700,右,晴,ダート,良,2020年6月13日
2歳新馬,1000,右,晴,芝,良,2020年6月13日
2歳新馬,1200,右,晴,芝,良,2020年6月13日
3歳未勝利,2000,右,晴,芝,良,2020年6月13日
3歳以上1勝クラス,1000,右,晴,ダート,良,2020年6月13日
3歳以上1勝クラス,1700,右,晴,ダート,良,2020年6月13日
駒ケ岳特別 ,2600,右,晴,芝,良,2020年6月13日
函館日刊スポーツ杯 ,1200,右,晴,芝,良,2020年6月13日
遊楽部特別 ,1800,右,晴,芝,良,2020年6月13日
3歳未勝利,1200,右,曇,芝,良,2020年6月14日
3歳未勝利,1700,右,曇,ダート,良,2020年6月14日
3歳未勝利,1000,右,曇,ダート,良,2020年6月14日
3歳未勝利,1800,右,曇,芝,良,2020年6月14日
2歳新馬,1200,右,曇,芝,良,2020年6月14日
3歳未勝利,1700,右,曇,ダート,良,2020年6月14日
3歳以上1勝クラス,1000,右,晴,ダート,良,2020年6月14日
3歳以上1勝クラス,2000,右,晴,芝,良,2020年6月14日
3歳以上1勝クラス,1200,右,曇,芝,良,2020年6月14日
木古内特別 ,1700,右,曇,ダート,良,2020年6月14日
UHB杯 ,1200,右,曇,芝,良,2020年6月14日
洞爺湖特別 ,1800,右,曇,芝,良,2020年6月14日
3歳未勝利,1200,右,曇,芝,良,2020年6月20日
3歳未勝利,1000,右,曇,ダート,良,2020年6月20日
3歳未勝利,2000,右,晴,芝,良,2020年6月20日
3歳未勝利,1700,右,晴,ダート,良,2020年6月20日
2歳新馬,1200,右,晴,芝,良,2020年6月20日
3歳未勝利,1700,右,晴,ダート,良,2020年6月20日
3歳以上1勝クラス,1000,右,晴,ダート,良,2020年6月20日
3歳以上1勝クラス,1200,右,晴,芝,良,2020年6月20日
3歳以上1勝クラス,1700,右,晴,ダート,良,2020年6月20日
八雲特別 ,1800,右,晴,芝,良,2020年6月20日
STV杯 ,1200,右,曇,芝,良,2020年6月20日
長万部特別 ,1200,右,曇,芝,良,2020年6月20日
3歳未勝利,1200,右,晴,芝,良,2020年6月21日
3歳未勝利,1000,右,晴,ダート,良,2020年6月21日
3歳未勝利,1700,右,晴,ダート,良,2020年6月21日
3歳未勝利,1800,右,晴,芝,良,2020年6月21日
2歳新馬,1200,右,晴,芝,良,2020年6月21日
3歳未勝利,2600,右,晴,芝,良,2020年6月21日
3歳以上1勝クラス,1700,右,晴,ダート,良,2020年6月21日
3歳以上1勝クラス,1200,右,晴,芝,良,2020年6月21日
3歳以上1勝クラス,1700,右,晴,ダート,良,2020年6月21日
奥尻特別 ,2000,右,晴,芝,良,2020年6月21日
第27回函館スプリントS(G3),1200,右,晴,芝,良,2020年6月21日
津軽海峡特別 ,1700,右,晴,ダート,良,2020年6月21日
2歳未勝利,1200,右,曇,芝,稍重,2020年6月27日
3歳未勝利,1000,右,曇,ダート,不良,2020年6月27日
3歳未勝利,1700,右,曇,ダート,不良,2020年6月27日
3歳未勝利,1200,右,曇,芝,稍重,2020年6月27日
2歳新馬,1200,右,曇,芝,稍重,2020年6月27日
2歳新馬,1000,右,曇,ダート,不良,2020年6月27日
3歳未勝利,2000,右,曇,芝,稍重,2020年6月27日
3歳以上1勝クラス,1700,右,曇,ダート,不良,2020年6月27日
3歳以上1勝クラス,1200,右,曇,芝,稍重,2020年6月27日
北斗特別 ,1800,右,小雨,芝,稍重,2020年6月27日
湯の川温泉特別 ,1200,右,小雨,芝,稍重,2020年6月27日
檜山特別 ,1700,右,小雨,ダート,不良,2020年6月27日
2歳未勝利,1200,右,曇,芝,稍重,2020年6月28日
3歳未勝利,1700,右,曇,ダート,不良,2020年6月28日
3歳未勝利,1200,右,曇,芝,稍重,2020年6月28日
3歳未勝利,1700,右,曇,ダート,不良,2020年6月28日
2歳新馬,1200,右,曇,芝,稍重,2020年6月28日
3歳未勝利,1800,右,曇,芝,稍重,2020年6月28日
3歳以上1勝クラス,1000,右,曇,ダート,不良,2020年6月28日
3歳以上1勝クラス,2600,右,曇,芝,稍重,2020年6月28日
3歳以上1勝クラス,1700,右,曇,ダート,不良,2020年6月28日
立待岬特別 ,1200,右,曇,芝,稍重,2020年6月28日
大沼ステークス(L),1700,右,曇,ダート,不良,2020年6月28日
松前特別 ,2000,右,曇,芝,稍重,2020年6月28日
2歳未勝利,1200,右,曇,芝,良,2020年7月4日
3歳未勝利,2400,右,曇,ダート,稍重,2020年7月4日
3歳未勝利,1200,右,曇,芝,良,2020年7月4日
3歳未勝利,1700,右,曇,ダート,稍重,2020年7月4日
3歳未勝利,2000,右,曇,芝,良,2020年7月4日
3歳以上1勝クラス,1700,右,曇,ダート,稍重,2020年7月4日
3歳以上1勝クラス,1000,右,曇,ダート,稍重,2020年7月4日
3歳以上1勝クラス,1700,右,曇,ダート,稍重,2020年7月4日
臥牛山特別 ,2000,右,曇,芝,良,2020年7月4日
TVh杯 ,1200,右,曇,芝,良,2020年7月4日
北海ハンデキャップ ,1800,右,小雨,芝,良,2020年7月4日
2歳未勝利,1200,右,曇,芝,良,2020年7月5日
3歳未勝利,1700,右,曇,ダート,良,2020年7月5日
3歳未勝利,1000,右,曇,ダート,良,2020年7月5日
3歳未勝利,1800,右,曇,芝,良,2020年7月5日
2歳新馬,1800,右,曇,芝,良,2020年7月5日
3歳未勝利,1700,右,曇,ダート,良,2020年7月5日
3歳以上1勝クラス,2400,右,曇,ダート,良,2020年7月5日
3歳以上1勝クラス,2000,右,曇,芝,良,2020年7月5日
3歳以上1勝クラス,1200,右,曇,芝,良,2020年7月5日
噴火湾特別 ,1000,右,曇,ダート,良,2020年7月5日
巴賞 ,1800,右,曇,芝,良,2020年7月5日
HTB杯 ,1200,右,曇,芝,良,2020年7月5日
3歳未勝利,1700,右,曇,ダート,良,2020年7月11日
3歳未勝利,1200,右,曇,芝,良,2020年7月11日
3歳未勝利,1800,右,曇,芝,良,2020年7月11日
2歳新馬,1200,右,曇,芝,良,2020年7月11日
3歳未勝利,1700,右,曇,ダート,良,2020年7月11日
3歳以上1勝クラス,1000,右,曇,ダート,良,2020年7月11日
3歳以上1勝クラス,1200,右,小雨,芝,良,2020年7月11日
3歳以上1勝クラス,1700,右,小雨,ダート,良,2020年7月11日
恵山特別 ,1800,右,小雨,芝,良,2020年7月11日
五稜郭ステークス ,2000,右,曇,芝,良,2020年7月11日
渡島特別 ,1700,右,曇,ダート,良,2020年7月11日
2歳未勝利,1000,右,曇,ダート,良,2020年7月12日
3歳未勝利,1700,右,曇,ダート,良,2020年7月12日
3歳未勝利,1000,右,曇,ダート,良,2020年7月12日
3歳未勝利,1200,右,曇,芝,良,2020年7月12日
2歳新馬,1800,右,曇,芝,良,2020年7月12日
3歳未勝利,2000,右,曇,芝,良,2020年7月12日
3歳以上1勝クラス,1700,右,曇,ダート,良,2020年7月12日
3歳以上1勝クラス,1200,右,晴,芝,良,2020年7月12日
3歳以上1勝クラス,2000,右,晴,芝,良,2020年7月12日
横津岳特別 ,2600,右,曇,芝,良,2020年7月12日
マリーンステークス ,1700,右,曇,ダート,良,2020年7月12日
函館道新スポーツ杯 ,1200,右,曇,芝,良,2020年7月12日
2歳未勝利,1800,右,曇,芝,良,2020年7月18日
3歳未勝利,1000,右,曇,ダート,良,2020年7月18日
3歳未勝利,1700,右,曇,ダート,良,2020年7月18日
3歳未勝利,1200,右,曇,芝,良,2020年7月18日
2歳新馬,1000,右,曇,ダート,良,2020年7月18日
3歳未勝利,1800,右,曇,芝,良,2020年7月18日
3歳以上1勝クラス,1000,右,曇,ダート,良,2020年7月18日
3歳以上1勝クラス,2600,右,曇,芝,良,2020年7月18日
3歳以上1勝クラス,1200,右,曇,芝,良,2020年7月18日
湯浜特別 ,1700,右,曇,ダート,良,2020年7月18日
第52回函館2歳ステークス(G3),1200,右,曇,芝,良,2020年7月18日
かもめ島特別 ,1800,右,曇,芝,良,2020年7月18日
2歳未勝利,1200,右,小雨,芝,良,2020年7月19日
3歳未勝利,1700,右,小雨,ダート,良,2020年7月19日
3歳未勝利,1000,右,小雨,ダート,良,2020年7月19日
3歳未勝利,1700,右,小雨,ダート,良,2020年7月19日
2歳新馬,1800,右,曇,芝,良,2020年7月19日
3歳未勝利,2600,右,曇,芝,良,2020年7月19日
3歳以上1勝クラス,1700,右,曇,ダート,良,2020年7月19日
3歳以上1勝クラス,1800,右,曇,芝,良,2020年7月19日
下北半島特別 ,1200,右,曇,芝,良,2020年7月19日
駒場特別 ,1700,右,曇,ダート,良,2020年7月19日
第56回函館記念(G3),2000,右,曇,芝,良,2020年7月19日
潮騒特別 ,1200,右,曇,芝,良,2020年7月19日
3歳未勝利,1700,右,晴,ダート,良,2020年4月11日
3歳未勝利,1200,右,晴,芝,良,2020年4月11日
3歳未勝利,1700,右,晴,ダート,良,2020年4月11日
4歳以上1勝クラス,1700,右,晴,ダート,良,2020年4月11日
3歳未勝利,1150,右,晴,ダート,良,2020年4月11日
4歳以上1勝クラス,2600,右,晴,芝,良,2020年4月11日
4歳以上1勝クラス,1200,右,晴,芝,良,2020年4月11日
ひめさゆり賞 ,2000,右,晴,芝,良,2020年4月11日
福島中央テレビ杯 ,1700,右,晴,ダート,良,2020年4月11日
桑折特別 ,1800,右,晴,芝,良,2020年4月11日
3歳未勝利,1700,右,曇,ダート,良,2020年4月12日
3歳未勝利,1200,右,曇,芝,良,2020年4月12日
3歳未勝利,1700,右,曇,ダート,良,2020年4月12日
3歳未勝利,1800,右,晴,芝,良,2020年4月12日
3歳未勝利,2600,右,晴,芝,良,2020年4月12日
4歳以上1勝クラス,1700,右,晴,ダート,良,2020年4月12日
4歳以上1勝クラス,1200,右,晴,芝,良,2020年4月12日
4歳以上1勝クラス,1150,右,晴,ダート,良,2020年4月12日
飯盛山特別 ,2000,右,晴,芝,良,2020年4月12日
吾妻小富士ステークス ,1700,右,晴,ダート,良,2020年4月12日
花見山特別 ,1200,右,晴,芝,良,2020年4月12日
3歳未勝利,1150,右,雨,ダート,稍重,2020年4月18日
3歳未勝利,1200,右,雨,芝,稍重,2020年4月18日
3歳未勝利,1700,右,雨,ダート,稍重,2020年4月18日
3歳未勝利,2000,右,小雨,芝,稍重,2020年4月18日
3歳未勝利,1200,右,小雨,芝,稍重,2020年4月18日
3歳未勝利,1800,右,小雨,芝,稍重,2020年4月18日
4歳以上1勝クラス,1150,右,雨,ダート,稍重,2020年4月18日
4歳以上1勝クラス,2000,右,雨,芝,稍重,2020年4月18日
4歳以上1勝クラス,1700,右,雨,ダート,稍重,2020年4月18日
雪うさぎ賞 ,1200,右,雨,芝,稍重,2020年4月18日
ラジオ福島賞 ,1150,右,雨,ダート,重,2020年4月18日
川俣特別 ,1800,右,雨,芝,重,2020年4月18日
3歳未勝利,1150,右,曇,ダート,不良,2020年4月19日
3歳未勝利,2000,右,曇,芝,不良,2020年4月19日
3歳未勝利,1700,右,曇,ダート,不良,2020年4月19日
3歳未勝利,1700,右,曇,ダート,不良,2020年4月19日
4歳以上1勝クラス,1200,右,曇,芝,不良,2020年4月19日
4歳以上1勝クラス,1150,右,曇,ダート,重,2020年4月19日
4歳以上1勝クラス,1700,右,曇,ダート,重,2020年4月19日
医王寺特別 ,1200,右,曇,芝,重,2020年4月19日
福島民報杯(L),2000,右,曇,芝,重,2020年4月19日
奥の細道特別 ,2600,右,曇,芝,重,2020年4月19日
3歳未勝利,1150,右,晴,ダート,良,2020年4月25日
3歳未勝利,1800,右,晴,芝,良,2020年4月25日
3歳未勝利,1700,右,晴,ダート,良,2020年4月25日
3歳未勝利,1700,右,晴,ダート,良,2020年4月25日
4歳以上1勝クラス,2000,右,晴,芝,良,2020年4月25日
4歳以上1勝クラス,1700,右,晴,ダート,良,2020年4月25日
4歳以上1勝クラス,1200,右,晴,芝,良,2020年4月25日
尾瀬特別 ,1700,右,晴,ダート,良,2020年4月25日
第17回福島牝馬ステークス(G3),1800,右,晴,芝,良,2020年4月25日
エールステークス ,2000,右,晴,芝,良,2020年4月25日
3歳未勝利,1150,右,晴,ダート,良,2020年4月26日
3歳未勝利,1200,右,晴,芝,良,2020年4月26日
3歳未勝利,1700,右,晴,ダート,良,2020年4月26日
3歳未勝利,1200,右,晴,芝,良,2020年4月26日
3歳未勝利,2000,右,曇,芝,良,2020年4月26日
4歳以上1勝クラス,1700,右,曇,ダート,良,2020年4月26日
4歳以上1勝クラス,1150,右,曇,ダート,良,2020年4月26日
4歳以上1勝クラス,1800,右,曇,芝,良,2020年4月26日
燧ヶ岳特別 ,2600,右,曇,芝,良,2020年4月26日
やまびこステークス ,1150,右,曇,ダート,良,2020年4月26日
米沢特別 ,1200,右,曇,芝,良,2020年4月26日
3歳未勝利,1150,右,晴,ダート,良,2020年5月2日
3歳未勝利,1200,右,晴,芝,良,2020年5月2日
3歳未勝利,1700,右,晴,ダート,良,2020年5月2日
3歳未勝利,1700,右,晴,ダート,良,2020年5月2日
4歳以上1勝クラス,1800,右,晴,芝,良,2020年5月2日
4歳以上1勝クラス,1700,右,晴,ダート,良,2020年5月2日
4歳以上1勝クラス,1150,右,晴,ダート,良,2020年5月2日
しゃくなげ賞 ,1200,右,晴,芝,良,2020年5月2日
福島放送賞 ,1800,右,晴,芝,良,2020年5月2日
喜多方特別 ,1200,右,晴,芝,良,2020年5月2日
3歳未勝利,1150,右,晴,ダート,良,2020年5月3日
3歳未勝利,1800,右,晴,芝,良,2020年5月3日
3歳未勝利,1700,右,晴,ダート,良,2020年5月3日
3歳未勝利,1200,右,晴,芝,良,2020年5月3日
3歳未勝利,2600,右,晴,芝,良,2020年5月3日
4歳以上1勝クラス,1700,右,晴,ダート,良,2020年5月3日
4歳以上1勝クラス,1200,右,晴,芝,良,2020年5月3日
4歳以上1勝クラス,1700,右,晴,ダート,良,2020年5月3日
伊達特別 ,2000,右,晴,芝,良,2020年5月3日
バーデンバーデンC ,1200,右,晴,芝,良,2020年5月3日
白河特別 ,1700,右,晴,ダート,良,2020年5月3日
3歳未勝利,1700,右,雨,ダート,不良,2020年7月4日
3歳未勝利,1700,右,曇,ダート,不良,2020年7月4日
2歳新馬,1200,右,曇,芝,重,2020年7月4日
2歳新馬,1150,右,小雨,ダート,不良,2020年7月4日
3歳未勝利,2000,右,曇,芝,重,2020年7月4日
3歳以上1勝クラス,1150,右,曇,ダート,不良,2020年7月4日
開成山特別 ,2600,右,曇,芝,重,2020年7月4日
松島特別 ,1800,右,曇,芝,重,2020年7月4日
安達太良ステークス ,1700,右,曇,ダート,不良,2020年7月4日
3歳以上1勝クラス,1200,右,曇,芝,重,2020年7月4日
2歳未勝利,1800,右,曇,芝,重,2020年7月5日
3歳未勝利,1150,右,曇,ダート,重,2020年7月5日
3歳未勝利,1200,右,曇,芝,重,2020年7月5日
3歳未勝利,1700,右,曇,ダート,重,2020年7月5日
2歳新馬,1800,右,曇,芝,重,2020年7月5日
2歳新馬,1200,右,曇,芝,重,2020年7月5日
3歳未勝利,2000,右,曇,芝,重,2020年7月5日
3歳以上1勝クラス,1700,右,曇,ダート,重,2020年7月5日
南相馬特別 ,1800,右,曇,芝,重,2020年7月5日
さくらんぼ特別 ,1200,右,曇,芝,稍重,2020年7月5日
第69回ラジオNIKKEI賞(G3),1800,右,曇,芝,稍重,2020年7月5日
3歳以上2勝クラス,1150,右,曇,ダート,重,2020年7月5日
2歳未勝利,1200,右,曇,芝,稍重,2020年7月11日
3歳未勝利,1800,右,曇,芝,稍重,2020年7月11日
3歳未勝利,1700,右,曇,ダート,重,2020年7月11日
3歳未勝利,2600,右,曇,芝,稍重,2020年7月11日
2歳新馬,1800,右,曇,芝,稍重,2020年7月11日
2歳新馬,1200,右,曇,芝,稍重,2020年7月11日
3歳未勝利,1150,右,曇,ダート,稍重,2020年7月11日
3歳以上1勝クラス,1700,右,曇,ダート,稍重,2020年7月11日
郡山特別 ,1200,右,曇,芝,稍重,2020年7月11日
猪苗代特別 ,2000,右,曇,芝,稍重,2020年7月11日
テレビユー福島賞 ,1200,右,曇,芝,稍重,2020年7月11日
3歳以上1勝クラス,1700,右,小雨,ダート,稍重,2020年7月11日
3歳未勝利,1700,右,曇,ダート,不良,2020年7月12日
2歳未勝利,1150,右,小雨,ダート,不良,2020年7月12日
3歳未勝利,1200,右,小雨,芝,重,2020年7月12日
2歳新馬,2000,右,雨,芝,重,2020年7月12日
2歳新馬,1200,右,雨,芝,重,2020年7月12日
3歳未勝利,1150,右,雨,ダート,不良,2020年7月12日
3歳以上1勝クラス,2000,右,雨,芝,重,2020年7月12日
織姫賞 ,1800,右,曇,芝,重,2020年7月12日
天の川賞 ,1700,右,曇,ダート,不良,2020年7月12日
第56回七夕賞(G3),2000,右,曇,芝,重,2020年7月12日
彦星賞 ,1150,右,曇,ダート,不良,2020年7月12日
3歳未勝利,1700,右,曇,ダート,重,2020年7月18日
3歳未勝利,1700,右,曇,ダート,重,2020年7月18日
2歳新馬,1800,右,曇,芝,稍重,2020年7月18日
2歳新馬,1150,右,曇,ダート,重,2020年7月18日
3歳未勝利,1200,右,曇,芝,稍重,2020年7月18日
3歳以上1勝クラス,1700,右,曇,ダート,重,2020年7月18日
いわき特別 ,2000,右,曇,芝,稍重,2020年7月18日
鶴ヶ城特別 ,1200,右,曇,芝,稍重,2020年7月18日
阿武隈ステークス ,2000,右,曇,芝,稍重,2020年7月18日
3歳以上1勝クラス,1150,右,曇,ダート,稍重,2020年7月18日
2歳未勝利,1200,右,晴,芝,良,2020年7月19日
2歳未勝利,1800,右,晴,芝,良,2020年7月19日
3歳未勝利,1700,右,晴,ダート,稍重,2020年7月19日
3歳未勝利,2000,右,晴,芝,良,2020年7月19日
2歳新馬,1800,右,晴,芝,良,2020年7月19日
2歳新馬,1200,右,晴,芝,良,2020年7月19日
3歳未勝利,1150,右,晴,ダート,良,2020年7月19日
3歳以上1勝クラス,1200,右,晴,芝,良,2020年7月19日
信夫山特別 ,2600,右,晴,芝,良,2020年7月19日
横手特別 ,1700,右,晴,ダート,良,2020年7月19日
福島テレビオープン ,1200,右,晴,芝,良,2020年7月19日
3歳以上1勝クラス,1700,右,晴,ダート,良,2020年7月19日
2歳未勝利,1150,右,晴,ダート,良,2020年10月31日
2歳未勝利,2000,右,晴,芝,良,2020年10月31日
3歳以上1勝クラス,1700,右,晴,ダート,良,2020年10月31日
3歳以上1勝クラス,1700,右,晴,ダート,良,2020年10月31日
3歳以上1勝クラス,1200,右,晴,芝,良,2020年10月31日
3歳以上1勝クラス,1150,右,晴,ダート,良,2020年10月31日
3歳以上1勝クラス,1200,右,晴,芝,良,2020年10月31日
二本松特別 ,1800,右,晴,芝,良,2020年10月31日
フルーツラインカップ ,2000,右,晴,芝,良,2020年10月31日
三陸特別 ,1700,右,晴,ダート,良,2020年10月31日
2歳未勝利,1700,右,晴,ダート,良,2020年11月1日
2歳未勝利,1200,右,晴,芝,良,2020年11月1日
3歳以上1勝クラス,1700,右,晴,ダート,良,2020年11月1日
2歳新馬,2000,右,晴,芝,良,2020年11月1日
3歳以上1勝クラス,2400,右,晴,ダート,良,2020年11月1日
3歳以上1勝クラス,1150,右,晴,ダート,良,2020年11月1日
3歳以上1勝クラス,1200,右,曇,芝,良,2020年11月1日
3歳以上1勝クラス,2000,右,曇,芝,良,2020年11月1日
磐梯山特別 ,2600,右,曇,芝,良,2020年11月1日
福島民友カップ(L),1700,右,曇,ダート,良,2020年11月1日
五色沼特別 ,1200,右,曇,芝,良,2020年11月1日
2歳未勝利,1700,右,晴,ダート,良,2020年11月7日
2歳未勝利,1800,右,晴,芝,良,2020年11月7日
3歳以上1勝クラス,1700,右,晴,ダート,良,2020年11月7日
3歳以上1勝クラス,1700,右,晴,ダート,良,2020年11月7日
3歳以上1勝クラス,1150,右,曇,ダート,良,2020年11月7日
3歳以上1勝クラス,1200,右,曇,芝,良,2020年11月7日
3歳以上1勝クラス,2000,右,曇,芝,良,2020年11月7日
飯坂温泉特別 ,1200,右,曇,芝,良,2020年11月7日
河北新報杯 ,1150,右,曇,ダート,良,2020年11月7日
土湯温泉特別 ,2600,右,曇,芝,良,2020年11月7日
2歳未勝利,1150,右,晴,ダート,良,2020年11月8日
2歳未勝利,1200,右,晴,芝,良,2020年11月8日
2歳未勝利,1700,右,晴,ダート,良,2020年11月8日
2歳新馬,1200,右,晴,芝,良,2020年11月8日
3歳以上1勝クラス,2600,右,晴,芝,良,2020年11月8日
3歳以上1勝クラス,1150,右,晴,ダート,良,2020年11月8日
3歳以上1勝クラス,1200,右,晴,芝,良,2020年11月8日
3歳以上1勝クラス,2000,右,晴,芝,良,2020年11月8日
高湯温泉特別 ,1800,右,晴,芝,良,2020年11月8日
奥羽ステークス ,1700,右,曇,ダート,良,2020年11月8日
西郷特別 ,1150,右,曇,ダート,良,2020年11月8日
2歳未勝利,1700,右,晴,ダート,良,2020年11月14日
3歳以上1勝クラス,1700,右,晴,ダート,良,2020年11月14日
2歳未勝利,2000,右,晴,芝,良,2020年11月14日
2歳未勝利,1200,右,晴,芝,良,2020年11月14日
2歳新馬,1700,右,晴,ダート,良,2020年11月14日
3歳以上1勝クラス,2600,右,晴,芝,良,2020年11月14日
3歳以上1勝クラス,2000,右,晴,芝,良,2020年11月14日
3歳以上1勝クラス,1150,右,晴,ダート,良,2020年11月14日
3歳以上1勝クラス,1200,右,晴,芝,良,2020年11月14日
三春駒特別 ,1800,右,晴,芝,良,2020年11月14日
みちのくステークス ,1200,右,晴,芝,良,2020年11月14日
相馬特別 ,1700,右,晴,ダート,良,2020年11月14日
2歳未勝利,1150,右,晴,ダート,良,2020年11月15日
3歳以上1勝クラス,1700,右,晴,ダート,良,2020年11月15日
3歳以上1勝クラス,1700,右,晴,ダート,良,2020年11月15日
3歳以上1勝クラス,2400,右,晴,ダート,良,2020年11月15日
3歳以上1勝クラス,1200,右,晴,芝,良,2020年11月15日
3歳以上1勝クラス,1800,右,晴,芝,良,2020年11月15日
3歳以上1勝クラス,1150,右,晴,ダート,良,2020年11月15日
福島2歳ステークス ,1200,右,晴,芝,良,2020年11月15日
第56回福島記念(G3),2000,右,晴,芝,良,2020年11月15日
会津特別 ,1200,右,晴,芝,良,2020年11月15日
3歳未勝利,1800,左,曇,ダート,良,2020年5月9日
3歳未勝利,1200,左,曇,ダート,良,2020年5月9日
3歳未勝利,1200,左,曇,ダート,良,2020年5月9日
3歳未勝利,2000,左,曇,芝,良,2020年5月9日
4歳以上1勝クラス,1200,左,曇,ダート,良,2020年5月9日
4歳以上1勝クラス,1800,左,曇,ダート,良,2020年5月9日
3歳未勝利,1800,左,小雨,ダート,稍重,2020年5月10日
3歳未勝利,1200,左,小雨,ダート,稍重,2020年5月10日
3歳未勝利,1800,左,小雨,ダート,稍重,2020年5月10日
3歳未勝利,1200,左,曇,芝,良,2020年5月10日
4歳以上1勝クラス,1200,左,曇,ダート,稍重,2020年5月10日
4歳以上1勝クラス,1800,左,曇,ダート,稍重,2020年5月10日
五泉特別 ,1200,左,曇,芝,良,2020年5月10日
3歳未勝利,1800,左,曇,ダート,良,2020年5月16日
3歳未勝利,1200,左,曇,ダート,良,2020年5月16日
3歳未勝利,2000,左,曇,芝,良,2020年5月16日
3歳未勝利,1200,左,曇,ダート,良,2020年5月16日
3歳未勝利,2400,左,曇,芝,良,2020年5月16日
4歳以上1勝クラス,1800,左,曇,ダート,良,2020年5月16日
4歳以上1勝クラス,1200,左,曇,ダート,良,2020年5月16日
4歳以上1勝クラス,2200,左,雨,芝,良,2020年5月16日
わらび賞 ,1800,左,雨,ダート,稍重,2020年5月16日
3歳未勝利,1400,左,曇,芝,稍重,2020年5月17日
3歳未勝利,1800,左,曇,ダート,稍重,2020年5月17日
3歳未勝利,1800,左,曇,ダート,稍重,2020年5月17日
4歳以上1勝クラス,1200,左,曇,ダート,稍重,2020年5月17日
4歳以上1勝クラス,1800,左,曇,ダート,良,2020年5月17日
八海山ステークス ,1200,左,曇,ダート,良,2020年5月17日
中ノ岳特別 ,1800,左,曇,ダート,良,2020年5月17日
3歳未勝利,1800,左,晴,ダート,稍重,2020年5月23日
3歳未勝利,1200,左,晴,ダート,稍重,2020年5月23日
3歳未勝利,1800,左,晴,ダート,稍重,2020年5月23日
4歳以上1勝クラス,1200,左,晴,ダート,良,2020年5月23日
4歳以上1勝クラス,1800,左,晴,ダート,良,2020年5月23日
大日岳特別 ,1200,左,晴,芝,良,2020年5月23日
荒川峡特別 ,2400,左,晴,芝,良,2020年5月23日
3歳未勝利,1200,左,晴,芝,良,2020年5月24日
3歳未勝利,1200,左,晴,ダート,良,2020年5月24日
3歳未勝利,1800,左,晴,ダート,良,2020年5月24日
3歳未勝利,2200,左,晴,芝,良,2020年5月24日
4歳以上1勝クラス,1800,左,晴,ダート,良,2020年5月24日
4歳以上1勝クラス,1400,左,晴,芝,良,2020年5月24日
4歳以上1勝クラス,1200,左,晴,ダート,良,2020年5月24日
火打山特別 ,1200,左,晴,ダート,良,2020年5月24日
3歳未勝利,1200,左,曇,ダート,稍重,2020年7月25日
3歳未勝利,1800,左,曇,ダート,稍重,2020年7月25日
2歳新馬,1200,左,曇,ダート,稍重,2020年7月25日
3歳以上1勝クラス,1800,左,曇,ダート,稍重,2020年7月25日
燕特別 ,2400,左,曇,芝,良,2020年7月25日
豊栄特別 ,1400,左,曇,芝,良,2020年7月25日
越後ステークス ,1200,左,曇,ダート,稍重,2020年7月25日
2歳未勝利,1400,左,曇,芝,良,2020年7月26日
3歳未勝利,1200,左,曇,ダート,稍重,2020年7月26日
3歳未勝利,2000,左,曇,芝,良,2020年7月26日
2歳新馬,1400,左,曇,芝,良,2020年7月26日
3歳未勝利,1800,左,曇,ダート,稍重,2020年7月26日
苗場特別 ,1800,左,曇,ダート,稍重,2020年7月26日
3歳以上1勝クラス,1200,左,曇,ダート,稍重,2020年7月26日
2歳未勝利,1200,左,曇,ダート,重,2020年8月1日
3歳未勝利,1800,左,曇,ダート,重,2020年8月1日
3歳未勝利,1200,左,晴,ダート,重,2020年8月1日
3歳未勝利,2200,左,晴,芝,稍重,2020年8月1日
3歳以上1勝クラス,1800,左,晴,ダート,稍重,2020年8月1日
麒麟山特別 ,1800,左,晴,ダート,稍重,2020年8月1日
新潟日報賞 ,1400,左,晴,芝,良,2020年8月1日
2歳未勝利,1200,左,晴,芝,良,2020年8月2日
3歳未勝利,1800,左,晴,ダート,稍重,2020年8月2日
2歳新馬,1200,左,晴,芝,良,2020年8月2日
3歳以上1勝クラス,1200,左,晴,ダート,良,2020年8月2日
柳都ステークス ,1800,左,晴,ダート,良,2020年8月2日
3歳以上2勝クラス,1200,左,晴,ダート,良,2020年8月2日
3歳未勝利,1200,左,雨,ダート,重,2020年8月8日
3歳未勝利,1800,左,雨,ダート,重,2020年8月8日
3歳未勝利,1400,左,雨,芝,稍重,2020年8月8日
2歳新馬,1800,左,雨,ダート,重,2020年8月8日
3歳未勝利,2000,左,雨,芝,稍重,2020年8月8日
ダリア賞 ,1400,左,曇,芝,重,2020年8月8日
高田城特別 ,1200,左,曇,ダート,不良,2020年8月8日
3歳以上1勝クラス,1800,左,曇,ダート,不良,2020年8月8日
3歳未勝利,1800,左,曇,ダート,不良,2020年8月9日
3歳未勝利,1800,左,雨,ダート,不良,2020年8月9日
2歳新馬,2000,左,曇,芝,不良,2020年8月9日
3歳以上1勝クラス,1200,左,雨,ダート,不良,2020年8月9日
3歳以上1勝クラス,2200,左,雨,芝,不良,2020年8月9日
第12回レパードステークス(G3),1800,左,曇,ダート,不良,2020年8月9日
3歳以上1勝クラス,1400,左,曇,芝,不良,2020年8月9日
3歳未勝利,1200,左,曇,ダート,良,2020年8月15日
3歳未勝利,2000,左,曇,芝,良,2020年8月15日
3歳未勝利,1800,左,曇,ダート,良,2020年8月15日
2歳新馬,1400,左,曇,芝,良,2020年8月15日
3歳以上1勝クラス,1200,左,曇,ダート,良,2020年8月15日
新発田城特別 ,1400,左,曇,芝,良,2020年8月15日
上越ステークス ,1200,左,曇,ダート,良,2020年8月15日
3歳以上1勝クラス,1800,左,曇,ダート,良,2020年8月15日
3歳未勝利,1800,左,曇,ダート,稍重,2020年8月16日
2歳未勝利,1200,左,曇,芝,稍重,2020年8月16日
3歳未勝利,1200,左,晴,ダート,稍重,2020年8月16日
3歳以上1勝クラス,1800,左,曇,ダート,良,2020年8月16日
浦佐特別 ,1800,左,晴,ダート,良,2020年8月16日
3歳以上1勝クラス,1200,左,晴,芝,良,2020年8月16日
3歳未勝利,1800,左,晴,ダート,良,2020年8月22日
2歳未勝利,1200,左,晴,ダート,良,2020年8月22日
2歳新馬,1800,左,晴,ダート,良,2020年8月22日
3歳未勝利,2400,左,晴,芝,良,2020年8月22日
3歳以上1勝クラス,1200,左,晴,ダート,良,2020年8月22日
瀬波温泉特別 ,1800,左,晴,ダート,良,2020年8月22日
清津峡ステークス ,1200,左,晴,芝,良,2020年8月22日
日本海ステークス ,2200,左,晴,芝,良,2020年8月22日
2歳未勝利,1400,左,晴,芝,良,2020年8月23日
3歳未勝利,1200,左,晴,ダート,良,2020年8月23日
3歳未勝利,2000,左,晴,芝,良,2020年8月23日
2歳新馬,1200,左,晴,芝,良,2020年8月23日
3歳未勝利,1800,左,晴,ダート,良,2020年8月23日
3歳以上1勝クラス,2400,左,晴,芝,良,2020年8月23日
阿賀野川特別 ,2200,左,晴,芝,良,2020年8月23日
NST賞 ,1200,左,晴,ダート,良,2020年8月23日
3歳以上1勝クラス,1800,左,晴,ダート,良,2020年8月23日
2歳未勝利,1800,左,曇,ダート,良,2020年8月29日
3歳未勝利,1200,左,曇,ダート,良,2020年8月29日
3歳未勝利,1800,左,曇,ダート,良,2020年8月29日
3歳以上1勝クラス,1800,左,晴,ダート,良,2020年8月29日
岩室温泉特別 ,1200,左,晴,ダート,良,2020年8月29日
BSN賞(L),1800,左,晴,ダート,良,2020年8月29日
3歳以上1勝クラス,1400,左,晴,芝,良,2020年8月29日
3歳未勝利,1800,左,晴,ダート,良,2020年8月30日
3歳未勝利,1200,左,曇,ダート,良,2020年8月30日
2歳新馬,2000,左,曇,芝,良,2020年8月30日
3歳未勝利,1200,左,晴,芝,良,2020年8月30日
3歳以上1勝クラス,1800,左,晴,ダート,良,2020年8月30日
朱鷺ステークス(L),1400,左,晴,芝,良,2020年8月30日
3歳以上1勝クラス,1200,左,晴,ダート,良,2020年8月30日
3歳未勝利,1800,左,晴,ダート,良,2020年9月5日
2歳新馬,1200,左,晴,ダート,良,2020年9月5日
2歳新馬,1400,左,晴,芝,良,2020年9月5日
3歳未勝利,2000,左,晴,芝,良,2020年9月5日
3歳未勝利,1400,左,晴,芝,良,2020年9月5日
3歳以上1勝クラス,1200,左,晴,ダート,良,2020年9月5日
両津湾特別 ,1800,左,晴,ダート,良,2020年9月5日
2歳未勝利,2000,左,晴,芝,良,2020年9月6日
3歳未勝利,1200,左,晴,ダート,良,2020年9月6日
3歳未勝利,1800,左,晴,ダート,良,2020年9月6日
3歳以上1勝クラス,1800,左,晴,ダート,良,2020年9月6日
3歳以上1勝クラス,2200,左,晴,芝,良,2020年9月6日
飯豊特別 ,1200,左,晴,芝,良,2020年9月6日
古町ステークス ,1800,左,晴,ダート,良,2020年9月6日
2歳未勝利,1800,左,曇,ダート,良,2020年10月10日
3歳以上1勝クラス,1200,左,曇,ダート,良,2020年10月10日
2歳未勝利,2000,左,曇,芝,良,2020年10月10日
3歳以上1勝クラス,1200,左,晴,ダート,良,2020年10月10日
3歳以上1勝クラス,1800,左,曇,ダート,良,2020年10月10日
萬代橋特別 ,2400,左,曇,芝,良,2020年10月10日
朝日岳特別 ,1200,左,曇,芝,良,2020年10月10日
2歳未勝利,1400,左,晴,芝,良,2020年10月11日
2歳未勝利,1200,左,晴,ダート,良,2020年10月11日
3歳以上1勝クラス,1800,左,晴,ダート,良,2020年10月11日
2歳新馬,1200,左,晴,ダート,良,2020年10月11日
3歳以上1勝クラス,1800,左,晴,ダート,良,2020年10月11日
3歳以上1勝クラス,1200,左,晴,ダート,良,2020年10月11日
北陸ステークス ,1200,左,晴,芝,良,2020年10月11日
菅名岳特別 ,1800,左,晴,ダート,良,2020年10月11日
2歳未勝利,1800,左,曇,ダート,良,2020年10月17日
2歳未勝利,1200,左,曇,ダート,良,2020年10月17日
2歳新馬,1400,左,曇,芝,良,2020年10月17日
3歳以上1勝クラス,2500,左,曇,ダート,良,2020年10月17日
3歳以上1勝クラス,1800,左,曇,ダート,良,2020年10月17日
3歳以上1勝クラス,1200,左,曇,ダート,良,2020年10月17日
2歳未勝利,1800,左,晴,ダート,良,2020年10月18日
2歳未勝利,1200,左,晴,芝,良,2020年10月18日
3歳以上1勝クラス,1200,左,晴,ダート,良,2020年10月18日
2歳新馬,1800,左,晴,ダート,良,2020年10月18日
3歳以上1勝クラス,1800,左,晴,ダート,良,2020年10月18日
3歳以上1勝クラス,1200,左,晴,ダート,良,2020年10月18日
3歳以上1勝クラス,1800,左,晴,ダート,良,2020年10月18日
信越ステークス(L),1400,左,晴,芝,良,2020年10月18日
妙高特別 ,1200,左,晴,ダート,良,2020年10月18日
2歳未勝利,1800,左,曇,ダート,重,2020年10月24日
2歳未勝利,1200,左,晴,ダート,重,2020年10月24日
3歳以上1勝クラス,1200,左,曇,ダート,重,2020年10月24日
3歳以上1勝クラス,1800,左,雨,ダート,重,2020年10月24日
十日町特別 ,1400,左,雨,芝,重,2020年10月24日
新潟牝馬ステークス ,2200,左,雨,芝,重,2020年10月24日
2歳未勝利,1400,左,晴,芝,重,2020年10月25日
2歳未勝利,1200,左,雨,ダート,不良,2020年10月25日
3歳以上1勝クラス,1800,左,雨,ダート,不良,2020年10月25日
3歳以上1勝クラス,1200,左,曇,ダート,重,2020年10月25日
3歳以上1勝クラス,1800,左,曇,ダート,重,2020年10月25日
3歳以上1勝クラス,1200,左,晴,ダート,重,2020年10月25日
岩船特別 ,2200,左,晴,芝,重,2020年10月25日
鳥屋野特別 ,1800,左,晴,ダート,重,2020年10月25日
3歳未勝利,1300,左,晴,ダート,稍重,2020年2月1日
3歳新馬,1400,左,晴,ダート,稍重,2020年2月1日
3歳未勝利,1600,左,晴,ダート,稍重,2020年2月1日
3歳1勝クラス,1600,左,晴,ダート,稍重,2020年2月1日
3歳未勝利,1600,左,晴,芝,良,2020年2月1日
3歳未勝利,2400,左,晴,芝,良,2020年2月1日
4歳以上1勝クラス,1400,左,晴,ダート,稍重,2020年2月1日
4歳以上2勝クラス,2100,左,晴,ダート,稍重,2020年2月1日
銀蹄ステークス ,1400,左,晴,ダート,稍重,2020年2月1日
クロッカスステークス(L),1400,左,晴,芝,良,2020年2月1日
白富士ステークス(L),2000,左,晴,芝,良,2020年2月1日
4歳以上1勝クラス,1800,左,晴,芝,良,2020年2月1日
3歳未勝利,1400,左,晴,ダート,良,2020年2月2日
3歳未勝利,2100,左,晴,ダート,良,2020年2月2日
3歳未勝利,1600,左,晴,ダート,良,2020年2月2日
3歳新馬,1600,左,晴,ダート,良,2020年2月2日
3歳未勝利,1800,左,晴,芝,良,2020年2月2日
3歳新馬,1600,左,晴,芝,良,2020年2月2日
4歳以上1勝クラス,2100,左,晴,ダート,良,2020年2月2日
4歳以上2勝クラス,1400,左,晴,ダート,良,2020年2月2日
セントポーリア賞 ,1800,左,晴,芝,良,2020年2月2日
早春ステークス ,2400,左,晴,芝,良,2020年2月2日
第34回根岸ステークス(G3),1400,左,晴,ダート,良,2020年2月2日
4歳以上2勝クラス,1800,左,晴,芝,良,2020年2月2日
3歳未勝利,1300,左,晴,ダート,良,2020年2月8日
3歳新馬,1400,左,晴,ダート,良,2020年2月8日
3歳未勝利,1600,左,晴,ダート,良,2020年2月8日
3歳1勝クラス,1400,左,晴,ダート,良,2020年2月8日
3歳未勝利,1800,左,晴,芝,良,2020年2月8日
3歳未勝利,2400,左,晴,芝,良,2020年2月8日
4歳以上1勝クラス,1300,左,晴,ダート,良,2020年2月8日
4歳以上1勝クラス,1600,左,晴,ダート,良,2020年2月8日
春菜賞 ,1400,左,晴,芝,良,2020年2月8日
箱根特別 ,2400,左,晴,芝,良,2020年2月8日
節分ステークス ,1600,左,晴,芝,良,2020年2月8日
4歳以上2勝クラス,1600,左,晴,ダート,良,2020年2月8日
3歳未勝利,1400,左,晴,ダート,良,2020年2月9日
3歳未勝利,2100,左,晴,ダート,良,2020年2月9日
3歳新馬,1600,左,晴,ダート,良,2020年2月9日
4歳以上1勝クラス,1600,左,晴,ダート,良,2020年2月9日
3歳未勝利,1600,左,晴,芝,良,2020年2月9日
3歳新馬,1800,左,晴,芝,良,2020年2月9日
4歳以上1勝クラス,2400,左,晴,芝,良,2020年2月9日
4歳以上2勝クラス,1300,左,晴,ダート,良,2020年2月9日
ゆりかもめ賞 ,2400,左,晴,芝,良,2020年2月9日
白嶺ステークス ,1600,左,晴,ダート,良,2020年2月9日
第70回東京新聞杯(G3),1600,左,晴,芝,良,2020年2月9日
4歳以上2勝クラス,1400,左,晴,芝,良,2020年2月9日
3歳未勝利,1400,左,晴,ダート,良,2020年2月15日
3歳未勝利,2100,左,晴,ダート,良,2020年2月15日
3歳未勝利,1600,左,晴,ダート,良,2020年2月15日
3歳1勝クラス,1600,左,晴,ダート,良,2020年2月15日
3歳未勝利,1400,左,晴,芝,良,2020年2月15日
3歳新馬,1800,左,晴,芝,良,2020年2月15日
4歳以上1勝クラス,1600,左,晴,芝,良,2020年2月15日
4歳以上1勝クラス,1400,左,晴,ダート,良,2020年2月15日
テレビ山梨杯 ,1800,左,曇,芝,良,2020年2月15日
雲雀ステークス ,1400,左,曇,芝,良,2020年2月15日
第55回デイリー杯クイーンC(G3),1600,左,曇,芝,良,2020年2月15日
4歳以上2勝クラス,1400,左,曇,ダート,良,2020年2月15日
3歳未勝利,1400,左,雨,ダート,稍重,2020年2月16日
3歳未勝利,1300,左,雨,ダート,稍重,2020年2月16日
3歳未勝利,1600,左,雨,ダート,稍重,2020年2月16日
3歳新馬,1600,左,雨,ダート,稍重,2020年2月16日
3歳未勝利,1800,左,曇,芝,稍重,2020年2月16日
3歳1勝クラス,1400,左,曇,芝,稍重,2020年2月16日
4歳以上1勝クラス,1600,左,曇,ダート,稍重,2020年2月16日
4歳以上2勝クラス,2100,左,曇,ダート,稍重,2020年2月16日
初音ステークス ,1800,左,曇,芝,稍重,2020年2月16日
バレンタインS ,1400,左,曇,ダート,稍重,2020年2月16日
第54回共同通信杯(G3),1800,左,曇,芝,稍重,2020年2月16日
4歳以上2勝クラス,1600,左,曇,芝,稍重,2020年2月16日
3歳未勝利,1400,左,曇,ダート,良,2020年2月22日
3歳未勝利,2100,左,晴,ダート,良,2020年2月22日
3歳1勝クラス,1400,左,晴,ダート,良,2020年2月22日
4歳以上1勝クラス,1600,左,晴,ダート,良,2020年2月22日
3歳未勝利,1600,左,晴,芝,良,2020年2月22日
3歳新馬,1800,左,晴,芝,良,2020年2月22日
4歳以上1勝クラス,1400,左,晴,ダート,良,2020年2月22日
フリージア賞 ,2000,左,晴,芝,良,2020年2月22日
4歳以上2勝クラス,1600,左,晴,ダート,良,2020年2月22日
金蹄ステークス ,2100,左,晴,ダート,良,2020年2月22日
第70回ダイヤモンドS(G3),3400,左,曇,芝,良,2020年2月22日
4歳以上2勝クラス,1400,左,曇,芝,良,2020年2月22日
3歳未勝利,1400,左,晴,ダート,良,2020年2月23日
3歳新馬,1400,左,晴,ダート,良,2020年2月23日
3歳未勝利,1600,左,晴,ダート,良,2020年2月23日
3歳未勝利,2400,左,晴,芝,良,2020年2月23日
3歳1勝クラス,1600,左,晴,芝,良,2020年2月23日
4歳以上1勝クラス,2100,左,晴,ダート,良,2020年2月23日
4歳以上1勝クラス,1800,左,晴,芝,良,2020年2月23日
4歳以上2勝クラス,2000,左,晴,芝,良,2020年2月23日
ヒヤシンスステークス(L),1600,左,晴,ダート,良,2020年2月23日
アメジストステークス ,2000,左,晴,芝,良,2020年2月23日
第37回フェブラリーS(G1),1600,左,晴,ダート,良,2020年2月23日
大島特別 ,1400,左,晴,ダート,良,2020年2月23日
3歳未勝利,1600,左,晴,ダート,良,2020年4月25日
3歳未勝利,1400,左,晴,ダート,良,2020年4月25日
3歳未勝利,2100,左,晴,ダート,良,2020年4月25日
3歳未勝利,2000,左,晴,芝,良,2020年4月25日
3歳未勝利,1400,左,晴,芝,良,2020年4月25日
3歳未勝利,1800,左,晴,芝,良,2020年4月25日
3歳1勝クラス,1400,左,晴,ダート,良,2020年4月25日
4歳以上1勝クラス,1600,左,晴,ダート,良,2020年4月25日
新緑賞 ,2300,左,晴,芝,良,2020年4月25日
府中特別 ,1400,左,晴,芝,良,2020年4月25日
オアシスステークス(L),1600,左,晴,ダート,良,2020年4月25日
4歳以上2勝クラス,1400,左,晴,ダート,良,2020年4月25日
3歳未勝利,1400,左,晴,ダート,良,2020年4月26日
3歳未勝利,1600,左,晴,ダート,良,2020年4月26日
3歳未勝利,2400,左,晴,芝,良,2020年4月26日
3歳未勝利,1600,左,晴,芝,良,2020年4月26日
3歳未勝利,1400,左,晴,芝,良,2020年4月26日
3歳1勝クラス,1600,左,晴,ダート,良,2020年4月26日
4歳以上1勝クラス,2000,左,晴,芝,良,2020年4月26日
4歳以上1勝クラス,1400,左,晴,ダート,良,2020年4月26日
石和特別 ,1800,左,晴,芝,良,2020年4月26日
鎌倉ステークス ,1400,左,晴,ダート,良,2020年4月26日
第55回サンスポ賞フローラS(G2),2000,左,晴,芝,良,2020年4月26日
4歳以上2勝クラス,1600,左,晴,ダート,良,2020年4月26日
3歳未勝利,1600,左,晴,ダート,良,2020年5月2日
3歳未勝利,1400,左,晴,ダート,良,2020年5月2日
3歳未勝利,2100,左,晴,ダート,良,2020年5月2日
3歳未勝利,1400,左,晴,芝,良,2020年5月2日
3歳未勝利,1800,左,晴,芝,良,2020年5月2日
3歳1勝クラス,1600,左,晴,芝,良,2020年5月2日
3歳1勝クラス,1400,左,晴,ダート,良,2020年5月2日
4歳以上1勝クラス,1600,左,晴,ダート,良,2020年5月2日
秩父特別 ,1600,左,晴,芝,良,2020年5月2日
春光ステークス ,2100,左,晴,ダート,良,2020年5月2日
第27回テレビ東京杯青葉賞(G2),2400,左,晴,芝,良,2020年5月2日
4歳以上2勝クラス,1300,左,晴,ダート,良,2020年5月2日
3歳未勝利,1400,左,晴,ダート,良,2020年5月3日
3歳未勝利,1600,左,晴,ダート,良,2020年5月3日
3歳未勝利,1300,左,晴,ダート,良,2020年5月3日
3歳未勝利,1600,左,晴,芝,良,2020年5月3日
3歳未勝利,2000,左,晴,芝,良,2020年5月3日
3歳1勝クラス,1600,左,晴,ダート,良,2020年5月3日
4歳以上1勝クラス,1600,左,晴,芝,良,2020年5月3日
4歳以上1勝クラス,1400,左,晴,ダート,良,2020年5月3日
陣馬特別 ,2400,左,晴,芝,良,2020年5月3日
晩春ステークス ,1400,左,晴,芝,良,2020年5月3日
スイートピーS(L),1800,左,晴,芝,良,2020年5月3日
4歳以上2勝クラス,2100,左,晴,ダート,良,2020年5月3日
3歳未勝利,1600,左,晴,ダート,良,2020年5月9日
3歳未勝利,1300,左,晴,ダート,良,2020年5月9日
3歳未勝利,1600,左,晴,ダート,良,2020年5月9日
3歳未勝利,1400,左,晴,ダート,良,2020年5月9日
3歳未勝利,1600,左,晴,芝,良,2020年5月9日
3歳1勝クラス,1600,左,晴,ダート,良,2020年5月9日
4歳以上1勝クラス,2400,左,晴,芝,良,2020年5月9日
4歳以上2勝クラス,1400,左,晴,芝,良,2020年5月9日
立夏ステークス ,1600,左,晴,ダート,良,2020年5月9日
メトロポリタンS(L),2400,左,曇,芝,良,2020年5月9日
プリンシパルS(L),2000,左,曇,芝,良,2020年5月9日
4歳以上2勝クラス,1400,左,曇,ダート,良,2020年5月9日
3歳未勝利,1400,左,晴,ダート,良,2020年5月10日
3歳未勝利,1600,左,晴,ダート,良,2020年5月10日
3歳未勝利,2300,左,晴,芝,良,2020年5月10日
3歳未勝利,1800,左,晴,芝,良,2020年5月10日
3歳1勝クラス,1400,左,晴,芝,良,2020年5月10日
4歳以上1勝クラス,1300,左,晴,ダート,良,2020年5月10日
4歳以上1勝クラス,1600,左,晴,ダート,良,2020年5月10日
4歳以上2勝クラス,2000,左,晴,芝,良,2020年5月10日
緑風ステークス ,2400,左,晴,芝,良,2020年5月10日
ブリリアントS(L),2100,左,晴,ダート,良,2020年5月10日
第25回NHKマイルカップ(G1),1600,左,晴,芝,良,2020年5月10日
立川特別 ,1600,左,晴,ダート,良,2020年5月10日
3歳未勝利,1400,左,雨,ダート,良,2020年5月16日
3歳未勝利,1600,左,雨,ダート,良,2020年5月16日
3歳未勝利,1300,左,雨,ダート,良,2020年5月16日
3歳未勝利,1800,左,雨,芝,良,2020年5月16日
3歳未勝利,2000,左,雨,芝,稍重,2020年5月16日
3歳1勝クラス,1400,左,雨,ダート,稍重,2020年5月16日
3歳1勝クラス,1600,左,雨,芝,稍重,2020年5月16日
4歳以上1勝クラス,1600,左,雨,ダート,稍重,2020年5月16日
日吉特別 ,1400,左,雨,ダート,稍重,2020年5月16日
湘南ステークス ,1600,左,雨,芝,稍重,2020年5月16日
第65回京王杯スプリングC(G2),1400,左,雨,芝,稍重,2020年5月16日
4歳以上2勝クラス,1600,左,雨,ダート,稍重,2020年5月16日
3歳未勝利,1400,左,晴,ダート,稍重,2020年5月17日
3歳未勝利,1600,左,晴,ダート,稍重,2020年5月17日
3歳未勝利,2100,左,晴,ダート,稍重,2020年5月17日
3歳未勝利,1400,左,晴,芝,稍重,2020年5月17日
3歳1勝クラス,2000,左,晴,芝,良,2020年5月17日
4歳以上1勝クラス,1400,左,晴,ダート,稍重,2020年5月17日
4歳以上1勝クラス,1400,左,晴,芝,良,2020年5月17日
4歳以上2勝クラス,1600,左,晴,芝,良,2020年5月17日
テレ玉杯 ,2000,左,晴,芝,良,2020年5月17日
青竜ステークス ,1600,左,晴,ダート,良,2020年5月17日
第15回ヴィクトリアマイル(G1),1600,左,晴,芝,良,2020年5月17日
BSイレブン賞 ,1400,左,晴,ダート,良,2020年5月17日
3歳未勝利,1600,左,晴,ダート,稍重,2020年5月23日
3歳未勝利,1400,左,曇,ダート,稍重,2020年5月23日
3歳未勝利,2100,左,曇,ダート,稍重,2020年5月23日
3歳未勝利,1400,左,曇,芝,良,2020年5月23日
3歳未勝利,1600,左,曇,芝,良,2020年5月23日
3歳1勝クラス,2100,左,曇,ダート,稍重,2020年5月23日
4歳以上1勝クラス,2000,左,曇,芝,良,2020年5月23日
4歳以上1勝クラス,1400,左,曇,ダート,稍重,2020年5月23日
カーネーションカップ ,1800,左,晴,芝,良,2020年5月23日
高尾特別 ,1400,左,晴,芝,良,2020年5月23日
メイステークス ,1800,左,晴,芝,良,2020年5月23日
4歳以上2勝クラス,1600,左,晴,ダート,稍重,2020年5月23日
3歳未勝利,1400,左,晴,ダート,良,2020年5月24日
3歳未勝利,1600,左,晴,ダート,良,2020年5月24日
3歳未勝利,2000,左,晴,芝,良,2020年5月24日
3歳未勝利,2400,左,晴,芝,良,2020年5月24日
3歳1勝クラス,1400,左,晴,ダート,良,2020年5月24日
3歳1勝クラス,1600,左,晴,芝,良,2020年5月24日
4歳以上1勝クラス,1600,左,晴,ダート,良,2020年5月24日
調布特別 ,1800,左,晴,芝,良,2020年5月24日
丹沢ステークス ,2100,左,晴,ダート,良,2020年5月24日
フリーウェイS ,1400,左,晴,芝,良,2020年5月24日
第81回優駿牝馬(G1),2400,左,晴,芝,良,2020年5月24日
是政特別 ,2100,左,晴,ダート,良,2020年5月24日
3歳未勝利,1600,左,晴,ダート,良,2020年5月30日
3歳未勝利,1600,左,晴,芝,良,2020年5月30日
3歳未勝利,1800,左,晴,芝,良,2020年5月30日
3歳1勝クラス,1400,左,晴,芝,良,2020年5月30日
3歳1勝クラス,2400,左,晴,芝,良,2020年5月30日
4歳以上1勝クラス,1600,左,晴,ダート,良,2020年5月30日
4歳以上1勝クラス,2100,左,晴,ダート,良,2020年5月30日
富嶽賞 ,1400,左,晴,ダート,良,2020年5月30日
葉山特別 ,1600,左,晴,芝,良,2020年5月30日
欅ステークス ,1400,左,晴,ダート,良,2020年5月30日
4歳以上2勝クラス,1600,左,晴,ダート,良,2020年5月30日
3歳未勝利,1300,左,曇,ダート,良,2020年5月31日
3歳未勝利,1600,左,曇,ダート,良,2020年5月31日
3歳未勝利,1400,左,雨,ダート,良,2020年5月31日
3歳未勝利,2000,左,曇,芝,良,2020年5月31日
3歳1勝クラス,1600,左,曇,ダート,良,2020年5月31日
4歳以上1勝クラス,1400,左,曇,ダート,良,2020年5月31日
4歳以上1勝クラス,1600,左,曇,芝,良,2020年5月31日
青嵐賞 ,2400,左,曇,芝,良,2020年5月31日
薫風ステークス ,1600,左,曇,ダート,良,2020年5月31日
むらさき賞 ,1800,左,曇,芝,良,2020年5月31日
第87回東京優駿(G1),2400,左,曇,芝,良,2020年5月31日
第134回目黒記念(G2),2500,左,曇,芝,良,2020年5月31日
3歳未勝利,1400,左,曇,ダート,良,2020年6月6日
3歳未勝利,1300,左,曇,ダート,良,2020年6月6日
3歳未勝利,1600,左,曇,芝,良,2020年6月6日
2歳新馬,1600,左,曇,芝,良,2020年6月6日
3歳未勝利,1600,左,曇,ダート,良,2020年6月6日
3歳以上1勝クラス,1400,左,曇,ダート,良,2020年6月6日
3歳以上1勝クラス,2300,左,曇,芝,良,2020年6月6日
国分寺特別 ,1800,左,曇,芝,良,2020年6月6日
由比ヶ浜特別 ,1400,左,曇,芝,良,2020年6月6日
スレイプニルS ,2100,左,曇,ダート,良,2020年6月6日
3歳以上2勝クラス,1600,左,曇,ダート,良,2020年6月6日
3歳未勝利,1600,左,曇,ダート,不良,2020年6月7日
3歳未勝利,2100,左,晴,ダート,不良,2020年6月7日
3歳未勝利,1400,左,晴,ダート,不良,2020年6月7日
3歳未勝利,2400,左,晴,芝,稍重,2020年6月7日
2歳新馬,1600,左,晴,芝,稍重,2020年6月7日
2歳新馬,1400,左,晴,芝,稍重,2020年6月7日
3歳以上1勝クラス,1600,左,晴,ダート,重,2020年6月7日
3歳以上1勝クラス,1400,左,晴,芝,稍重,2020年6月7日
ホンコンJCT ,2000,左,晴,芝,稍重,2020年6月7日
麦秋ステークス ,1400,左,晴,ダート,重,2020年6月7日
第70回安田記念(G1),1600,左,晴,芝,稍重,2020年6月7日
小金井特別 ,1400,左,晴,ダート,重,2020年6月7日
3歳未勝利,1400,左,雨,ダート,不良,2020年6月13日
3歳未勝利,1600,左,雨,ダート,不良,2020年6月13日
3歳未勝利,1300,左,雨,ダート,不良,2020年6月13日
2歳新馬,1400,左,雨,芝,不良,2020年6月13日
3歳未勝利,2100,左,雨,ダート,不良,2020年6月13日
3歳未勝利,1600,左,雨,芝,不良,2020年6月13日
3歳以上1勝クラス,2000,左,雨,芝,不良,2020年6月13日
八丈島特別 ,1600,左,雨,芝,不良,2020年6月13日
三浦特別 ,1300,左,雨,ダート,不良,2020年6月13日
ジューンステークス ,2400,左,雨,芝,不良,2020年6月13日
3歳以上1勝クラス,1600,左,雨,ダート,不良,2020年6月13日
3歳未勝利,1600,左,曇,ダート,不良,2020年6月14日
3歳未勝利,1400,左,雨,芝,不良,2020年6月14日
3歳未勝利,1600,左,雨,ダート,不良,2020年6月14日
3歳未勝利,2000,左,雨,芝,不良,2020年6月14日
2歳新馬,1800,左,雨,芝,不良,2020年6月14日
3歳未勝利,1400,左,雨,ダート,不良,2020年6月14日
3歳以上1勝クラス,2100,左,雨,ダート,不良,2020年6月14日
3歳以上1勝クラス,1600,左,雨,芝,不良,2020年6月14日
八王子特別 ,2100,左,曇,ダート,不良,2020年6月14日
芦ノ湖特別 ,1600,左,曇,芝,不良,2020年6月14日
第37回エプソムカップ(G3),1800,左,曇,芝,不良,2020年6月14日
3歳以上1勝クラス,1300,左,曇,ダート,不良,2020年6月14日
3歳未勝利,1400,左,晴,ダート,不良,2020年6月20日
3歳未勝利,2100,左,晴,ダート,不良,2020年6月20日
3歳未勝利,1600,左,晴,ダート,不良,2020年6月20日
2歳新馬,1400,左,晴,芝,稍重,2020年6月20日
3歳未勝利,1600,左,晴,芝,稍重,2020年6月20日
3歳以上1勝クラス,2000,左,晴,芝,稍重,2020年6月20日
3歳以上1勝クラス,1600,左,晴,ダート,重,2020年6月20日
町田特別 ,2400,左,晴,芝,稍重,2020年6月20日
相模湖特別 ,1400,左,晴,芝,稍重,2020年6月20日
夏至ステークス ,1600,左,晴,ダート,重,2020年6月20日
3歳以上1勝クラス,1400,左,晴,ダート,重,2020年6月20日
2歳未勝利,1400,左,曇,芝,稍重,2020年6月21日
3歳未勝利,1600,左,曇,ダート,稍重,2020年6月21日
3歳未勝利,1400,左,晴,ダート,稍重,2020年6月21日
3歳未勝利,1600,左,晴,ダート,稍重,2020年6月21日
2歳新馬,1600,左,晴,芝,稍重,2020年6月21日
3歳未勝利,1800,左,晴,芝,稍重,2020年6月21日
3歳以上1勝クラス,1400,左,晴,ダート,稍重,2020年6月21日
3歳以上1勝クラス,2400,左,晴,芝,稍重,2020年6月21日
青梅特別 ,1600,左,曇,ダート,稍重,2020年6月21日
多摩川ステークス ,1400,左,曇,芝,稍重,2020年6月21日
第25回ユニコーンステークス(G3),1600,左,曇,ダート,稍重,2020年6月21日
3歳以上1勝クラス,1400,左,曇,芝,稍重,2020年6月21日
2歳未勝利,1600,左,曇,芝,良,2020年6月27日
3歳未勝利,1600,左,曇,ダート,稍重,2020年6月27日
3歳未勝利,1300,左,曇,ダート,稍重,2020年6月27日
3歳未勝利,1400,左,曇,芝,良,2020年6月27日
2歳新馬,1800,左,晴,芝,良,2020年6月27日
3歳未勝利,1400,左,晴,ダート,稍重,2020年6月27日
3歳以上1勝クラス,2100,左,晴,ダート,稍重,2020年6月27日
清里特別 ,1400,左,晴,ダート,稍重,2020年6月27日
八ヶ岳特別 ,1800,左,晴,芝,良,2020年6月27日
アハルテケステークス ,1600,左,晴,ダート,稍重,2020年6月27日
3歳以上1勝クラス,1600,左,曇,芝,良,2020年6月27日
3歳未勝利,1600,左,雨,ダート,不良,2020年6月28日
3歳未勝利,2100,左,雨,ダート,不良,2020年6月28日
3歳未勝利,1800,左,雨,芝,不良,2020年6月28日
3歳未勝利,2400,左,雨,芝,不良,2020年6月28日
2歳新馬,1600,左,雨,芝,不良,2020年6月28日
2歳新馬,1400,左,曇,ダート,不良,2020年6月28日
3歳以上1勝クラス,1600,左,曇,ダート,不良,2020年6月28日
3歳以上1勝クラス,2000,左,曇,芝,不良,2020年6月28日
日野特別 ,1600,左,曇,ダート,不良,2020年6月28日
江の島ステークス ,1800,左,曇,芝,不良,2020年6月28日
パラダイスステークス(L),1400,左,曇,芝,不良,2020年6月28日
3歳以上1勝クラス,1400,左,曇,ダート,不良,2020年6月28日
2歳未勝利,1400,左,雨,ダート,不良,2020年10月10日
2歳未勝利,1800,左,雨,芝,不良,2020年10月10日
2歳未勝利,1400,左,雨,芝,不良,2020年10月10日
2歳新馬,1600,左,雨,ダート,不良,2020年10月10日
2歳新馬,1600,左,雨,芝,不良,2020年10月10日
3歳以上1勝クラス,2100,左,雨,ダート,不良,2020年10月10日
3歳以上1勝クラス,1600,左,雨,ダート,不良,2020年10月10日
3歳以上1勝クラス,1400,左,雨,芝,不良,2020年10月10日
山中湖特別 ,2000,左,雨,芝,不良,2020年10月10日
神無月ステークス ,1600,左,雨,ダート,不良,2020年10月10日
第6回サウジアラビアRC(G3),1600,左,雨,芝,不良,2020年10月10日
3歳以上2勝クラス,1400,左,雨,ダート,不良,2020年10月10日
2歳未勝利,1300,左,曇,ダート,不良,2020年10月11日
2歳未勝利,1600,左,曇,芝,重,2020年10月11日
2歳新馬,1400,左,曇,芝,重,2020年10月11日
2歳新馬,2000,左,曇,芝,稍重,2020年10月11日
3歳以上1勝クラス,1400,左,曇,ダート,重,2020年10月11日
3歳以上1勝クラス,1800,左,曇,芝,稍重,2020年10月11日
3歳以上2勝クラス,2100,左,曇,ダート,重,2020年10月11日
六社ステークス ,2400,左,曇,芝,稍重,2020年10月11日
グリーンチャンネルC(L),1400,左,曇,ダート,重,2020年10月11日
第71回毎日王冠(G2),1800,左,曇,芝,稍重,2020年10月11日
3歳以上2勝クラス,1400,左,曇,芝,稍重,2020年10月11日
2歳未勝利,1400,左,雨,ダート,稍重,2020年10月17日
2歳未勝利,1600,左,雨,芝,稍重,2020年10月17日
2歳未勝利,1800,左,雨,芝,稍重,2020年10月17日
2歳新馬,1400,左,雨,ダート,稍重,2020年10月17日
2歳新馬,1600,左,雨,芝,重,2020年10月17日
3歳以上1勝クラス,1400,左,雨,ダート,重,2020年10月17日
3歳以上1勝クラス,1600,左,雨,ダート,重,2020年10月17日
3歳以上2勝クラス,2400,左,雨,芝,重,2020年10月17日
プラタナス賞 ,1600,左,雨,ダート,重,2020年10月17日
白秋ステークス ,1400,左,雨,芝,重,2020年10月17日
第68回アイルランド府中牝馬(G2),1800,左,雨,芝,重,2020年10月17日
3歳以上2勝クラス,1600,左,雨,ダート,重,2020年10月17日
2歳未勝利,1400,左,晴,芝,重,2020年10月18日
2歳未勝利,2000,左,晴,芝,重,2020年10月18日
2歳未勝利,1600,左,晴,ダート,重,2020年10月18日
2歳新馬,1400,左,晴,芝,重,2020年10月18日
2歳新馬,1800,左,晴,芝,稍重,2020年10月18日
3歳以上1勝クラス,1300,左,晴,ダート,重,2020年10月18日
3歳以上1勝クラス,2400,左,晴,芝,稍重,2020年10月18日
3歳以上2勝クラス,1400,左,晴,ダート,重,2020年10月18日
テレビ静岡賞 ,1400,左,曇,ダート,重,2020年10月18日
オクトーバーS(L),2000,左,曇,芝,稍重,2020年10月18日
鷹巣山特別 ,1600,左,曇,芝,稍重,2020年10月18日
2歳未勝利,1400,左,晴,ダート,稍重,2020年10月24日
2歳未勝利,1600,左,晴,芝,稍重,2020年10月24日
2歳未勝利,1400,左,晴,芝,稍重,2020年10月24日
2歳新馬,1600,左,晴,ダート,稍重,2020年10月24日
2歳新馬,2000,左,晴,芝,稍重,2020年10月24日
3歳以上1勝クラス,1400,左,晴,ダート,稍重,2020年10月24日
3歳以上1勝クラス,2100,左,晴,ダート,稍重,2020年10月24日
3歳以上2勝クラス,1400,左,晴,芝,良,2020年10月24日
アイビーステークス(L),1800,左,晴,芝,良,2020年10月24日
赤富士ステークス ,2100,左,晴,ダート,稍重,2020年10月24日
第23回富士ステークス(G2),1600,左,晴,芝,良,2020年10月24日
3歳以上2勝クラス,1600,左,晴,ダート,稍重,2020年10月24日
2歳未勝利,2000,左,晴,芝,良,2020年10月25日
2歳新馬,1300,左,晴,ダート,良,2020年10月25日
2歳新馬,1600,左,晴,芝,良,2020年10月25日
2歳1勝クラス,1400,左,晴,芝,良,2020年10月25日
3歳以上1勝クラス,1600,左,晴,ダート,良,2020年10月25日
3歳以上1勝クラス,1400,左,晴,ダート,良,2020年10月25日
3歳以上1勝クラス,1600,左,晴,芝,良,2020年10月25日
tvk賞 ,1800,左,晴,芝,良,2020年10月25日
甲斐路ステークス ,2000,左,晴,芝,良,2020年10月25日
ブラジルカップ(L),2100,左,晴,ダート,良,2020年10月25日
3歳以上2勝クラス,1300,左,晴,ダート,良,2020年10月25日
2歳未勝利,1600,左,晴,ダート,良,2020年10月31日
2歳未勝利,1600,左,晴,芝,良,2020年10月31日
2歳未勝利,1800,左,晴,芝,良,2020年10月31日
2歳新馬,1400,左,晴,ダート,良,2020年10月31日
2歳新馬,1400,左,晴,芝,良,2020年10月31日
2歳新馬,1600,左,晴,ダート,良,2020年10月31日
3歳以上1勝クラス,1600,左,晴,ダート,良,2020年10月31日
3歳以上1勝クラス,2000,左,晴,芝,良,2020年10月31日
昇仙峡特別 ,2100,左,晴,ダート,良,2020年10月31日
キタサンブラックM ,1600,左,晴,芝,良,2020年10月31日
第9回アルテミスステークス(G3),1600,左,晴,芝,良,2020年10月31日
3歳以上1勝クラス,1300,左,晴,ダート,良,2020年10月31日
2歳未勝利,1600,左,晴,ダート,良,2020年11月1日
2歳未勝利,1400,左,晴,ダート,良,2020年11月1日
2歳未勝利,2000,左,晴,芝,良,2020年11月1日
2歳新馬,1800,左,晴,芝,良,2020年11月1日
2歳新馬,1600,左,晴,芝,良,2020年11月1日
3歳以上1勝クラス,1600,左,晴,ダート,良,2020年11月1日
3歳以上1勝クラス,1400,左,晴,芝,良,2020年11月1日
本栖湖特別 ,2400,左,晴,芝,良,2020年11月1日
国立特別 ,1600,左,晴,芝,良,2020年11月1日
秋嶺ステークス ,1300,左,曇,ダート,良,2020年11月1日
第162回天皇賞(秋)(G1),2000,左,曇,芝,良,2020年11月1日
河口湖特別 ,1400,左,曇,ダート,良,2020年11月1日
2歳未勝利,1600,左,曇,ダート,良,2020年11月7日
2歳未勝利,1400,左,曇,ダート,良,2020年11月7日
2歳未勝利,1600,左,曇,芝,良,2020年11月7日
2歳未勝利,2000,左,曇,芝,良,2020年11月7日
2歳新馬,1600,左,曇,ダート,良,2020年11月7日
2歳新馬,1300,左,曇,ダート,良,2020年11月7日
2歳新馬,1600,左,曇,芝,良,2020年11月7日
3歳以上1勝クラス,1400,左,曇,ダート,良,2020年11月7日
精進湖特別 ,2000,左,曇,芝,良,2020年11月7日
ノベンバーステークス ,1800,左,曇,芝,良,2020年11月7日
第56回京王杯2歳ステークス(G2),1400,左,曇,芝,良,2020年11月7日
3歳以上2勝クラス,1600,左,曇,ダート,良,2020年11月7日
2歳未勝利,1600,左,曇,ダート,良,2020年11月8日
2歳未勝利,1400,左,曇,芝,良,2020年11月8日
2歳未勝利,1300,左,曇,ダート,良,2020年11月8日
2歳未勝利,1800,左,晴,芝,良,2020年11月8日
2歳新馬,2000,左,晴,芝,良,2020年11月8日
2歳新馬,1600,左,晴,芝,良,2020年11月8日
3歳以上1勝クラス,2100,左,晴,ダート,良,2020年11月8日
3歳以上2勝クラス,1400,左,晴,ダート,良,2020年11月8日
百日草特別 ,2000,左,晴,芝,良,2020年11月8日
錦秋ステークス ,1600,左,曇,ダート,良,2020年11月8日
第58回アルゼンチン共和国杯(G2),2500,左,曇,芝,良,2020年11月8日
3歳以上2勝クラス,1400,左,曇,芝,良,2020年11月8日
2歳未勝利,1600,左,晴,ダート,良,2020年11月14日
2歳未勝利,1600,左,晴,芝,良,2020年11月14日
2歳未勝利,2000,左,晴,芝,良,2020年11月14日
2歳新馬,1800,左,晴,芝,良,2020年11月14日
2歳未勝利,1400,左,晴,ダート,良,2020年11月14日
2歳新馬,1400,左,晴,芝,良,2020年11月14日
3歳以上1勝クラス,1600,左,晴,ダート,良,2020年11月14日
3歳以上1勝クラス,1600,左,晴,芝,良,2020年11月14日
オキザリス賞 ,1400,左,晴,ダート,良,2020年11月14日
ユートピアステークス ,1800,左,晴,芝,良,2020年11月14日
第25回東京中日S杯武蔵野S(G3),1600,左,晴,ダート,良,2020年11月14日
3歳以上2勝クラス,1400,左,晴,ダート,良,2020年11月14日
2歳未勝利,1600,左,晴,ダート,良,2020年11月15日
2歳未勝利,1400,左,晴,芝,良,2020年11月15日
2歳未勝利,1400,左,晴,ダート,良,2020年11月15日
2歳未勝利,1800,左,晴,芝,良,2020年11月15日
2歳新馬,1600,左,晴,芝,良,2020年11月15日
2歳新馬,1600,左,晴,ダート,良,2020年11月15日
3歳以上1勝クラス,1400,左,晴,ダート,良,2020年11月15日
3歳以上2勝クラス,1800,左,晴,芝,良,2020年11月15日
神奈川新聞杯 ,1600,左,晴,芝,良,2020年11月15日
秋色ステークス ,1400,左,晴,ダート,良,2020年11月15日
オーロカップ(L),1400,左,晴,芝,良,2020年11月15日
3歳以上2勝クラス,1600,左,晴,ダート,良,2020年11月15日
2歳未勝利,1300,左,晴,ダート,良,2020年11月21日
2歳未勝利,1400,左,晴,ダート,良,2020年11月21日
2歳未勝利,1800,左,晴,芝,良,2020年11月21日
2歳新馬,1400,左,晴,ダート,良,2020年11月21日
2歳新馬,1600,左,晴,芝,良,2020年11月21日
2歳1勝クラス,1400,左,晴,芝,良,2020年11月21日
3歳以上1勝クラス,1600,左,晴,ダート,良,2020年11月21日
西湖特別 ,1600,左,晴,ダート,良,2020年11月21日
伊勢佐木特別 ,2100,左,晴,ダート,良,2020年11月21日
奥多摩ステークス ,1400,左,晴,芝,良,2020年11月21日
3歳以上1勝クラス,1800,左,晴,芝,良,2020年11月21日
2歳未勝利,1600,左,晴,ダート,良,2020年11月22日
2歳未勝利,1600,左,晴,芝,良,2020年11月22日
2歳未勝利,1400,左,晴,芝,良,2020年11月22日
2歳新馬,2000,左,晴,芝,良,2020年11月22日
2歳新馬,1600,左,晴,ダート,良,2020年11月22日
3歳以上1勝クラス,2100,左,晴,ダート,良,2020年11月22日
3歳以上1勝クラス,1300,左,晴,ダート,良,2020年11月22日
赤松賞 ,1600,左,晴,芝,良,2020年11月22日
南武特別 ,2400,左,晴,芝,良,2020年11月22日
霜月ステークス ,1400,左,晴,ダート,良,2020年11月22日
3歳以上2勝クラス,1800,左,晴,芝,良,2020年11月22日
2歳未勝利,1400,左,晴,ダート,良,2020年11月23日
2歳未勝利,1600,左,晴,芝,良,2020年11月23日
2歳未勝利,1600,左,晴,ダート,良,2020年11月23日
2歳未勝利,2000,左,晴,芝,良,2020年11月23日
2歳新馬,1800,左,晴,芝,良,2020年11月23日
2歳新馬,1400,左,晴,芝,良,2020年11月23日
3歳以上1勝クラス,1600,左,晴,ダート,良,2020年11月23日
3歳以上1勝クラス,1400,左,晴,ダート,良,2020年11月23日
東村山特別 ,1300,左,曇,ダート,良,2020年11月23日
晩秋ステークス ,2100,左,曇,ダート,良,2020年11月23日
第25回東京スポーツ杯2歳S(G3),1800,左,曇,芝,良,2020年11月23日
3歳以上2勝クラス,1400,左,曇,芝,良,2020年11月23日
2歳未勝利,1600,左,晴,ダート,良,2020年11月28日
2歳未勝利,1400,左,晴,ダート,良,2020年11月28日
2歳未勝利,1800,左,晴,芝,良,2020年11月28日
2歳新馬,1600,左,晴,芝,良,2020年11月28日
2歳新馬,1600,左,晴,ダート,良,2020年11月28日
3歳以上1勝クラス,2400,左,晴,芝,良,2020年11月28日
3歳以上2勝クラス,1600,左,晴,芝,良,2020年11月28日
カトレアステークス ,1600,左,晴,ダート,良,2020年11月28日
銀嶺ステークス ,1400,左,晴,ダート,良,2020年11月28日
キャピタルステークス(L),1600,左,晴,芝,良,2020年11月28日
3歳以上2勝クラス,1400,左,晴,芝,良,2020年11月28日
2歳未勝利,1600,左,曇,ダート,良,2020年11月29日
2歳未勝利,1600,左,曇,芝,良,2020年11月29日
2歳未勝利,2000,左,曇,芝,良,2020年11月29日
3歳以上1勝クラス,1400,左,晴,ダート,良,2020年11月29日
3歳以上1勝クラス,1600,左,晴,ダート,良,2020年11月29日
2歳新馬,1800,左,曇,芝,良,2020年11月29日
3歳以上2勝クラス,1400,左,曇,ダート,良,2020年11月29日
ベゴニア賞 ,1600,左,曇,芝,良,2020年11月29日
オリエンタル賞 ,2000,左,曇,芝,良,2020年11月29日
シャングリラ賞 ,1600,左,曇,ダート,良,2020年11月29日
ウェルカムステークス ,2000,左,曇,芝,良,2020年11月29日
第40回ジャパンカップ(G1),2400,左,曇,芝,良,2020年11月29日
3歳未勝利,1200,右,晴,ダート,良,2020年1月5日
3歳未勝利,1800,右,晴,ダート,良,2020年1月5日
3歳未勝利,1200,右,晴,ダート,良,2020年1月5日
3歳新馬,1800,右,晴,ダート,良,2020年1月5日
3歳1勝クラス,2000,右,晴,芝,良,2020年1月5日
4歳以上1勝クラス,1800,右,晴,ダート,良,2020年1月5日
4歳以上1勝クラス,2000,右,晴,芝,良,2020年1月5日
4歳以上2勝クラス,1200,右,晴,ダート,良,2020年1月5日
招福ステークス ,1800,右,晴,ダート,良,2020年1月5日
第69回日刊スポ賞中山金杯(G3),2000,右,晴,芝,良,2020年1月5日
3歳未勝利,1200,右,晴,ダート,良,2020年1月6日
3歳未勝利,1800,右,晴,ダート,良,2020年1月6日
3歳未勝利,1800,右,晴,ダート,良,2020年1月6日
3歳新馬,1200,右,晴,ダート,良,2020年1月6日
3歳未勝利,2000,右,晴,芝,良,2020年1月6日
3歳新馬,1800,右,晴,ダート,良,2020年1月6日
4歳以上1勝クラス,2400,右,晴,ダート,良,2020年1月6日
4歳以上1勝クラス,1200,右,晴,ダート,良,2020年1月6日
初茜賞 ,1800,右,晴,ダート,良,2020年1月6日
4歳以上2勝クラス,2000,右,晴,芝,良,2020年1月6日
3歳未勝利,1200,右,曇,ダート,良,2020年1月11日
3歳未勝利,1800,右,曇,ダート,良,2020年1月11日
3歳未勝利,1200,右,曇,ダート,良,2020年1月11日
3歳新馬,1800,右,曇,ダート,良,2020年1月11日
4歳以上1勝クラス,1800,右,曇,ダート,良,2020年1月11日
4歳以上1勝クラス,1800,右,曇,ダート,良,2020年1月11日
頌春賞 ,1200,右,晴,ダート,良,2020年1月11日
3歳未勝利,1200,右,曇,ダート,良,2020年1月12日
3歳未勝利,1800,右,曇,ダート,良,2020年1月12日
3歳未勝利,1800,右,曇,ダート,良,2020年1月12日
3歳新馬,2000,右,曇,芝,良,2020年1月12日
4歳以上1勝クラス,1800,右,曇,ダート,良,2020年1月12日
4歳以上1勝クラス,1200,右,曇,ダート,良,2020年1月12日
黒竹賞 ,1800,右,曇,ダート,良,2020年1月12日
ポルックスステークス ,1800,右,曇,ダート,良,2020年1月12日
3歳未勝利,1200,右,晴,ダート,良,2020年1月13日
3歳未勝利,1800,右,晴,ダート,良,2020年1月13日
3歳未勝利,1800,右,晴,ダート,良,2020年1月13日
3歳新馬,1200,右,晴,ダート,良,2020年1月13日
3歳未勝利,2000,右,晴,芝,良,2020年1月13日
4歳以上1勝クラス,1200,右,晴,ダート,良,2020年1月13日
4歳以上2勝クラス,1800,右,晴,ダート,良,2020年1月13日
成田特別 ,2400,右,晴,ダート,良,2020年1月13日
初春ステークス ,1200,右,晴,ダート,良,2020年1月13日
3歳未勝利,1200,右,雨,ダート,稍重,2020年1月18日
3歳未勝利,1800,右,雨,ダート,稍重,2020年1月18日
3歳新馬,1800,右,雪,ダート,稍重,2020年1月18日
3歳未勝利,2000,右,小雪,芝,稍重,2020年1月18日
4歳以上1勝クラス,2400,右,小雪,ダート,稍重,2020年1月18日
4歳以上1勝クラス,1200,右,小雪,ダート,稍重,2020年1月18日
4歳以上1勝クラス,1200,右,小雪,ダート,稍重,2020年1月18日
初凪賞 ,1800,右,小雨,ダート,稍重,2020年1月18日
4歳以上2勝クラス,1800,右,小雨,芝,稍重,2020年1月18日
3歳未勝利,1200,右,晴,ダート,稍重,2020年1月19日
3歳未勝利,1800,右,晴,ダート,稍重,2020年1月19日
3歳未勝利,1800,右,晴,ダート,稍重,2020年1月19日
3歳1勝クラス,1200,右,晴,ダート,稍重,2020年1月19日
4歳以上1勝クラス,1800,右,晴,ダート,稍重,2020年1月19日
4歳以上2勝クラス,1200,右,晴,ダート,稍重,2020年1月19日
初富士ステークス ,1800,右,晴,芝,稍重,2020年1月19日
ジャニュアリーS ,1200,右,晴,ダート,稍重,2020年1月19日
第60回京成杯(G3),2000,右,晴,芝,稍重,2020年1月19日
3歳未勝利,1200,右,曇,ダート,稍重,2020年1月25日
3歳未勝利,1800,右,曇,ダート,稍重,2020年1月25日
3歳未勝利,1800,右,曇,ダート,稍重,2020年1月25日
3歳新馬,1200,右,晴,ダート,稍重,2020年1月25日
3歳新馬,2000,右,曇,芝,良,2020年1月25日
4歳以上1勝クラス,1800,右,曇,ダート,良,2020年1月25日
4歳以上2勝クラス,1200,右,曇,ダート,良,2020年1月25日
呉竹賞 ,1800,右,曇,ダート,良,2020年1月25日
アレキサンドライトS ,1800,右,曇,ダート,良,2020年1月25日
3歳未勝利,1200,右,小雨,ダート,稍重,2020年1月26日
3歳未勝利,1800,右,小雨,ダート,稍重,2020年1月26日
3歳未勝利,1200,右,小雨,ダート,稍重,2020年1月26日
3歳新馬,1800,右,曇,ダート,稍重,2020年1月26日
4歳以上1勝クラス,1200,右,曇,ダート,稍重,2020年1月26日
4歳以上1勝クラス,1800,右,曇,ダート,稍重,2020年1月26日
若竹賞 ,1800,右,曇,芝,稍重,2020年1月26日
初霞賞 ,1800,右,曇,ダート,稍重,2020年1月26日
4歳以上2勝クラス,2000,右,曇,芝,稍重,2020年1月26日
3歳未勝利,1800,右,曇,ダート,良,2020年2月29日
3歳未勝利,1200,右,曇,ダート,良,2020年2月29日
3歳未勝利,1800,右,晴,ダート,良,2020年2月29日
3歳1勝クラス,1800,右,晴,ダート,良,2020年2月29日
3歳新馬,2000,右,晴,芝,良,2020年2月29日
4歳以上1勝クラス,1800,右,晴,ダート,良,2020年2月29日
デイジー賞 ,1800,右,晴,芝,良,2020年2月29日
富里特別 ,1800,右,晴,芝,良,2020年2月29日
サンシャインS ,2500,右,曇,芝,良,2020年2月29日
4歳以上2勝クラス,1200,右,曇,ダート,良,2020年2月29日
3歳未勝利,1800,右,晴,ダート,良,2020年3月1日
3歳未勝利,1200,右,晴,ダート,良,2020年3月1日
3歳未勝利,1800,右,晴,ダート,良,2020年3月1日
3歳新馬,1200,右,晴,ダート,良,2020年3月1日
3歳未勝利,2000,右,晴,芝,良,2020年3月1日
4歳以上1勝クラス,1200,右,晴,ダート,良,2020年3月1日
4歳以上2勝クラス,1800,右,晴,ダート,良,2020年3月1日
ブラッドストーンS ,1200,右,晴,ダート,良,2020年3月1日
第94回中山記念(G2),1800,右,晴,芝,良,2020年3月1日
3歳未勝利,1200,右,曇,ダート,良,2020年3月7日
3歳未勝利,1800,右,曇,ダート,良,2020年3月7日
3歳未勝利,1200,右,小雨,ダート,良,2020年3月7日
3歳新馬,1800,右,曇,ダート,良,2020年3月7日
3歳未勝利,1800,右,曇,芝,良,2020年3月7日
3歳1勝クラス,1200,右,曇,ダート,良,2020年3月7日
4歳以上1勝クラス,2400,右,曇,ダート,良,2020年3月7日
潮来特別 ,2500,右,曇,芝,良,2020年3月7日
上総ステークス ,1800,右,曇,ダート,良,2020年3月7日
4歳以上2勝クラス,1800,右,曇,ダート,良,2020年3月7日
3歳未勝利,1800,右,雨,ダート,稍重,2020年3月8日
3歳未勝利,1200,右,雨,ダート,稍重,2020年3月8日
3歳未勝利,1800,右,雨,ダート,稍重,2020年3月8日
3歳新馬,1200,右,雨,ダート,稍重,2020年3月8日
3歳1勝クラス,1800,右,雨,ダート,重,2020年3月8日
4歳以上1勝クラス,1200,右,雨,ダート,重,2020年3月8日
総武ステークス ,1800,右,曇,ダート,重,2020年3月8日
第57回報知弥生ディープ記念(G2),2000,右,曇,芝,重,2020年3月8日
3歳未勝利,1200,右,雨,ダート,稍重,2020年3月14日
3歳未勝利,1800,右,雨,ダート,稍重,2020年3月14日
3歳未勝利,1200,右,雨,ダート,稍重,2020年3月14日
3歳新馬,1800,右,雨,ダート,稍重,2020年3月14日
4歳以上1勝クラス,1800,右,雨,ダート,重,2020年3月14日
4歳以上1勝クラス,1200,右,雨,ダート,重,2020年3月14日
山桜賞 ,2000,右,雨,芝,重,2020年3月14日
第38回中山牝馬ステークス(G3),1800,右,雪,芝,不良,2020年3月14日
4歳以上2勝クラス,2400,右,雪,ダート,不良,2020年3月14日
3歳未勝利,1800,右,晴,ダート,不良,2020年3月15日
3歳未勝利,1200,右,晴,ダート,不良,2020年3月15日
3歳未勝利,1800,右,晴,ダート,不良,2020年3月15日
3歳未勝利,2000,右,晴,芝,重,2020年3月15日
3歳1勝クラス,1200,右,晴,ダート,重,2020年3月15日
4歳以上2勝クラス,2000,右,晴,芝,重,2020年3月15日
4歳以上1勝クラス,1800,右,晴,ダート,重,2020年3月15日
スピカステークス ,2000,右,晴,芝,稍重,2020年3月15日
4歳以上2勝クラス,1200,右,晴,ダート,重,2020年3月15日
3歳未勝利,1200,右,晴,ダート,良,2020年3月20日
3歳未勝利,1800,右,晴,ダート,良,2020年3月20日
3歳未勝利,1200,右,晴,ダート,良,2020年3月20日
3歳1勝クラス,1800,右,晴,ダート,良,2020年3月20日
3歳未勝利,1800,右,晴,芝,良,2020年3月20日
4歳以上1勝クラス,1200,右,晴,ダート,良,2020年3月20日
市原特別 ,1800,右,晴,ダート,良,2020年3月20日
第34回フラワーカップ(G3),1800,右,晴,芝,良,2020年3月20日
4歳以上1勝クラス,1800,右,晴,ダート,良,2020年3月20日
3歳未勝利,1800,右,晴,ダート,良,2020年3月21日
3歳未勝利,1200,右,晴,ダート,良,2020年3月21日
3歳未勝利,1800,右,晴,ダート,良,2020年3月21日
3歳未勝利,1800,右,晴,芝,良,2020年3月21日
3歳新馬,1800,右,晴,ダート,良,2020年3月21日
4歳以上1勝クラス,2400,右,晴,ダート,良,2020年3月21日
4歳以上1勝クラス,1200,右,晴,ダート,良,2020年3月21日
館山特別 ,2000,右,晴,芝,良,2020年3月21日
千葉ステークス ,1200,右,晴,ダート,良,2020年3月21日
3歳未勝利,1800,右,晴,ダート,良,2020年3月22日
3歳未勝利,1200,右,晴,ダート,良,2020年3月22日
3歳未勝利,1800,右,晴,ダート,良,2020年3月22日
4歳以上1勝クラス,1200,右,晴,ダート,良,2020年3月22日
3歳未勝利,2000,右,晴,芝,良,2020年3月22日
4歳以上1勝クラス,1800,右,晴,ダート,良,2020年3月22日
4歳以上1勝クラス,2000,右,晴,芝,良,2020年3月22日
韓国馬事会杯 ,1800,右,晴,ダート,良,2020年3月22日
第69回フジTVスプリングS(G2),1800,右,晴,芝,良,2020年3月22日
4歳以上2勝クラス,1200,右,晴,ダート,良,2020年3月22日
3歳未勝利,1200,右,曇,ダート,良,2020年3月28日
3歳未勝利,1800,右,曇,ダート,良,2020年3月28日
3歳未勝利,1200,右,曇,ダート,良,2020年3月28日
3歳未勝利,1800,右,曇,ダート,良,2020年3月28日
3歳1勝クラス,1800,右,曇,芝,良,2020年3月28日
4歳以上1勝クラス,1800,右,曇,ダート,良,2020年3月28日
両国特別 ,1800,右,曇,芝,良,2020年3月28日
伏竜ステークス ,1800,右,曇,ダート,良,2020年3月28日
第68回日経賞(G2),2500,右,曇,芝,良,2020年3月28日
4歳以上2勝クラス,1200,右,曇,ダート,良,2020年3月28日
3歳未勝利,1800,右,雨,ダート,不良,2020年3月29日
3歳未勝利,1200,右,雨,ダート,不良,2020年3月29日
3歳未勝利,1800,右,曇,ダート,稍重,2020年3月31日
3歳未勝利,1800,右,曇,芝,稍重,2020年3月31日
3歳1勝クラス,1200,右,曇,ダート,稍重,2020年3月31日
4歳以上1勝クラス,1800,右,曇,ダート,稍重,2020年3月31日
4歳以上1勝クラス,1200,右,曇,ダート,稍重,2020年3月31日
4歳以上2勝クラス,1800,右,曇,ダート,稍重,2020年3月31日
ミモザ賞 ,2000,右,曇,芝,稍重,2020年3月31日
第27回マーチステークス(G3),1800,右,曇,ダート,稍重,2020年3月31日
3歳未勝利,1200,右,晴,ダート,稍重,2020年4月4日
3歳未勝利,1800,右,晴,ダート,稍重,2020年4月4日
3歳未勝利,1200,右,晴,ダート,稍重,2020年4月4日
3歳未勝利,1800,右,晴,ダート,稍重,2020年4月4日
3歳未勝利,2000,右,晴,芝,良,2020年4月4日
3歳1勝クラス,1800,右,晴,ダート,良,2020年4月4日
4歳以上1勝クラス,1800,右,晴,ダート,良,2020年4月4日
安房特別 ,2500,右,晴,芝,良,2020年4月4日
4歳以上2勝クラス,1200,右,晴,ダート,良,2020年4月4日
3歳未勝利,1800,右,曇,ダート,良,2020年4月5日
3歳未勝利,1200,右,曇,ダート,良,2020年4月5日
3歳未勝利,1800,右,曇,ダート,良,2020年4月5日
4歳以上1勝クラス,1200,右,曇,ダート,良,2020年4月5日
4歳以上1勝クラス,2000,右,小雨,芝,良,2020年4月5日
4歳以上1勝クラス,1800,右,小雨,ダート,稍重,2020年4月5日
春風ステークス ,1200,右,曇,ダート,稍重,2020年4月5日
4歳以上2勝クラス,1800,右,曇,ダート,稍重,2020年4月5日
3歳未勝利,1200,右,晴,ダート,良,2020年4月11日
3歳未勝利,1800,右,晴,ダート,良,2020年4月11日
3歳未勝利,1200,右,晴,ダート,良,2020年4月11日
3歳未勝利,1800,右,晴,ダート,良,2020年4月11日
3歳未勝利,2000,右,晴,芝,良,2020年4月11日
3歳1勝クラス,1800,右,晴,ダート,良,2020年4月11日
3歳1勝クラス,1200,右,晴,ダート,良,2020年4月11日
4歳以上1勝クラス,1800,右,晴,ダート,良,2020年4月11日
野島崎特別 ,1800,右,晴,芝,良,2020年4月11日
4歳以上1勝クラス,1200,右,晴,ダート,良,2020年4月11日
3歳未勝利,1800,右,曇,ダート,稍重,2020年4月12日
3歳未勝利,1200,右,曇,ダート,稍重,2020年4月12日
3歳未勝利,1800,右,曇,ダート,稍重,2020年4月12日
3歳未勝利,1200,右,曇,ダート,稍重,2020年4月12日
3歳1勝クラス,1800,右,曇,芝,稍重,2020年4月12日
4歳以上1勝クラス,1200,右,曇,ダート,稍重,2020年4月12日
印西特別 ,2400,右,曇,ダート,稍重,2020年4月12日
美浦ステークス ,1800,右,曇,芝,稍重,2020年4月12日
4歳以上2勝クラス,1200,右,曇,ダート,稍重,2020年4月12日
3歳未勝利,1800,右,雨,ダート,不良,2020年4月18日
3歳未勝利,1200,右,雨,ダート,不良,2020年4月18日
3歳未勝利,1800,右,雨,ダート,不良,2020年4月18日
3歳未勝利,2000,右,雨,芝,不良,2020年4月18日
4歳以上1勝クラス,2400,右,雨,ダート,不良,2020年4月18日
4歳以上1勝クラス,1200,右,雨,ダート,不良,2020年4月18日
山藤賞 ,2000,右,雨,芝,不良,2020年4月18日
下総ステークス ,1800,右,雨,ダート,不良,2020年4月18日
利根川特別 ,1800,右,雨,ダート,不良,2020年4月18日
3歳未勝利,1200,右,晴,ダート,重,2020年4月19日
3歳未勝利,1800,右,晴,ダート,重,2020年4月19日
3歳未勝利,1200,右,晴,ダート,重,2020年4月19日
3歳未勝利,1800,右,晴,ダート,重,2020年4月19日
3歳1勝クラス,1800,右,晴,ダート,重,2020年4月19日
4歳以上1勝クラス,1800,右,晴,ダート,重,2020年4月19日
鹿野山特別 ,2000,右,晴,芝,稍重,2020年4月19日
京葉ステークス(L),1200,右,晴,ダート,稍重,2020年4月19日
第80回皐月賞(G1),2000,右,晴,芝,稍重,2020年4月19日
2歳未勝利,1800,右,小雨,ダート,良,2020年9月12日
2歳新馬,1200,右,雨,ダート,稍重,2020年9月12日
2歳新馬,2000,右,雨,芝,稍重,2020年9月12日
3歳以上1勝クラス,1200,右,雨,ダート,稍重,2020年9月12日
3歳以上1勝クラス,1800,右,曇,芝,稍重,2020年9月12日
3歳以上1勝クラス,1800,右,曇,ダート,稍重,2020年9月12日
第5回紫苑ステークス(G3),2000,右,曇,芝,稍重,2020年9月12日
3歳以上2勝クラス,1200,右,曇,ダート,稍重,2020年9月12日
2歳未勝利,1200,右,曇,ダート,稍重,2020年9月13日
2歳未勝利,2000,右,曇,芝,良,2020年9月13日
2歳新馬,1800,右,曇,ダート,稍重,2020年9月13日
3歳以上1勝クラス,1200,右,曇,ダート,稍重,2020年9月13日
3歳以上1勝クラス,1800,右,曇,ダート,良,2020年9月13日
3歳以上1勝クラス,1200,右,曇,ダート,良,2020年9月13日
白井特別 ,1800,右,曇,芝,良,2020年9月13日
初風ステークス ,1200,右,曇,ダート,良,2020年9月13日
2歳未勝利,1200,右,曇,ダート,良,2020年9月19日
2歳未勝利,1800,右,曇,ダート,良,2020年9月19日
2歳新馬,1800,右,曇,芝,良,2020年9月19日
2歳新馬,1800,右,曇,ダート,良,2020年9月19日
3歳以上1勝クラス,1200,右,曇,ダート,良,2020年9月19日
3歳以上1勝クラス,1800,右,曇,ダート,良,2020年9月19日
汐留特別 ,2000,右,曇,芝,良,2020年9月19日
松戸特別 ,2400,右,曇,ダート,良,2020年9月19日
レインボーステークス ,1800,右,曇,芝,良,2020年9月19日
3歳以上1勝クラス,1200,右,曇,ダート,良,2020年9月19日
2歳未勝利,1200,右,曇,ダート,良,2020年9月20日
2歳未勝利,1800,右,曇,芝,良,2020年9月20日
2歳未勝利,1800,右,曇,ダート,良,2020年9月20日
3歳以上1勝クラス,1800,右,曇,ダート,良,2020年9月20日
3歳以上1勝クラス,2500,右,曇,芝,良,2020年9月20日
3歳以上1勝クラス,1200,右,曇,ダート,良,2020年9月20日
鋸山特別 ,1800,右,曇,ダート,良,2020年9月20日
ラジオ日本賞 ,1800,右,曇,ダート,良,2020年9月20日
2歳未勝利,1200,右,曇,ダート,良,2020年9月21日
2歳未勝利,2000,右,曇,芝,良,2020年9月21日
3歳以上1勝クラス,2400,右,曇,ダート,良,2020年9月21日
3歳以上1勝クラス,1800,右,曇,芝,良,2020年9月21日
3歳以上1勝クラス,1800,右,曇,ダート,良,2020年9月21日
浦安特別 ,1200,右,晴,ダート,良,2020年9月21日
Mテイエムオペラオー ,2000,右,晴,芝,良,2020年9月21日
3歳以上1勝クラス,1200,右,晴,ダート,良,2020年9月21日
2歳未勝利,1800,右,小雨,芝,稍重,2020年9月26日
2歳新馬,1800,右,小雨,ダート,重,2020年9月26日
3歳以上1勝クラス,1200,右,小雨,ダート,重,2020年9月26日
3歳以上1勝クラス,2000,右,曇,芝,稍重,2020年9月26日
3歳以上1勝クラス,1800,右,曇,ダート,重,2020年9月26日
九十九里特別 ,2500,右,小雨,芝,稍重,2020年9月26日
ながつきステークス ,1200,右,小雨,ダート,重,2020年9月26日
3歳以上2勝クラス,1800,右,小雨,ダート,重,2020年9月26日
2歳未勝利,1200,右,曇,ダート,重,2020年9月27日
2歳未勝利,1800,右,曇,ダート,重,2020年9月27日
2歳新馬,1200,右,曇,ダート,重,2020年9月27日
2歳新馬,2000,右,曇,芝,稍重,2020年9月27日
3歳以上1勝クラス,1800,右,曇,ダート,重,2020年9月27日
内房ステークス ,1800,右,曇,ダート,稍重,2020年9月27日
3歳以上2勝クラス,1200,右,曇,ダート,稍重,2020年9月27日
2歳未勝利,1800,右,晴,ダート,良,2020年10月3日
2歳未勝利,2000,右,晴,芝,良,2020年10月3日
2歳新馬,1200,右,晴,ダート,良,2020年10月3日
3歳以上1勝クラス,1800,右,晴,ダート,良,2020年10月3日
3歳以上1勝クラス,1200,右,晴,ダート,良,2020年10月3日
芙蓉ステークス ,2000,右,曇,芝,良,2020年10月3日
3歳以上2勝クラス,1200,右,曇,ダート,良,2020年10月3日
2歳未勝利,1200,右,曇,ダート,良,2020年10月4日
3歳以上1勝クラス,1800,右,曇,ダート,良,2020年10月4日
2歳新馬,1800,右,曇,芝,良,2020年10月4日
3歳以上1勝クラス,1200,右,曇,ダート,良,2020年10月4日
3歳以上2勝クラス,1800,右,曇,ダート,良,2020年10月4日
茨城新聞杯 ,1800,右,曇,芝,良,2020年10月4日
外房ステークス ,1200,右,曇,ダート,良,2020年10月4日
2歳未勝利,1200,右,小雨,ダート,稍重,2020年12月5日
2歳未勝利,1800,右,小雨,ダート,稍重,2020年12月5日
2歳未勝利,2000,右,小雨,芝,稍重,2020年12月5日
2歳未勝利,1800,右,小雨,ダート,稍重,2020年12月5日
2歳新馬,1200,右,小雨,ダート,稍重,2020年12月5日
3歳以上1勝クラス,1200,右,小雨,ダート,稍重,2020年12月5日
葉牡丹賞 ,2000,右,小雨,芝,稍重,2020年12月5日
北総ステークス ,1800,右,小雨,ダート,稍重,2020年12月5日
2歳未勝利,1200,右,晴,ダート,稍重,2020年12月6日
2歳未勝利,1800,右,晴,ダート,稍重,2020年12月6日
2歳未勝利,1800,右,晴,芝,稍重,2020年12月6日
2歳新馬,2000,右,晴,芝,稍重,2020年12月6日
2歳新馬,1800,右,晴,ダート,良,2020年12月6日
2歳1勝クラス,1200,右,晴,ダート,良,2020年12月6日
3歳以上1勝クラス,1800,右,晴,ダート,良,2020年12月6日
舞浜特別 ,1800,右,晴,ダート,良,2020年12月6日
3歳以上2勝クラス,2500,右,晴,芝,良,2020年12月6日
2歳未勝利,1200,右,曇,ダート,良,2020年12月12日
2歳未勝利,1800,右,曇,芝,良,2020年12月12日
2歳未勝利,1800,右,晴,ダート,良,2020年12月12日
2歳新馬,1200,右,晴,ダート,良,2020年12月12日
3歳以上1勝クラス,1800,右,曇,ダート,良,2020年12月12日
3歳以上2勝クラス,1200,右,曇,ダート,良,2020年12月12日
アクアラインS ,1200,右,曇,ダート,良,2020年12月12日
師走ステークス(L),1800,右,曇,ダート,良,2020年12月12日
3歳以上2勝クラス,1800,右,曇,芝,良,2020年12月12日
2歳未勝利,1200,右,晴,ダート,良,2020年12月13日
2歳未勝利,1800,右,晴,ダート,良,2020年12月13日
2歳未勝利,1200,右,晴,ダート,良,2020年12月13日
2歳未勝利,2000,右,晴,芝,良,2020年12月13日
2歳新馬,1800,右,晴,芝,良,2020年12月13日
2歳新馬,1800,右,晴,ダート,良,2020年12月13日
2歳1勝クラス,1800,右,晴,ダート,良,2020年12月13日
チバテレ杯 ,1800,右,晴,ダート,良,2020年12月13日
常総ステークス ,1800,右,曇,芝,良,2020年12月13日
第13回カペラステークス(G3),1200,右,曇,ダート,良,2020年12月13日
2歳未勝利,1200,右,晴,ダート,良,2020年12月19日
2歳未勝利,1800,右,晴,ダート,良,2020年12月19日
2歳未勝利,1800,右,晴,ダート,良,2020年12月19日
2歳新馬,1800,右,晴,芝,良,2020年12月19日
2歳新馬,1200,右,曇,ダート,良,2020年12月19日
3歳以上1勝クラス,2500,右,曇,ダート,良,2020年12月19日
仲冬ステークス ,1800,右,曇,ダート,良,2020年12月19日
3歳以上2勝クラス,2000,右,曇,芝,良,2020年12月19日
2歳未勝利,1200,右,晴,ダート,良,2020年12月20日
2歳未勝利,1800,右,晴,ダート,良,2020年12月20日
2歳未勝利,1200,右,晴,ダート,良,2020年12月20日
2歳未勝利,2000,右,晴,芝,良,2020年12月20日
2歳新馬,1800,右,晴,ダート,良,2020年12月20日
3歳以上1勝クラス,1200,右,晴,ダート,良,2020年12月20日
3歳以上2勝クラス,1200,右,晴,ダート,良,2020年12月20日
香取特別 ,2400,右,晴,ダート,良,2020年12月20日
ディセンバーS(L),1800,右,晴,芝,良,2020年12月20日
2歳未勝利,1200,右,晴,ダート,良,2020年12月26日
2歳未勝利,1800,右,晴,ダート,良,2020年12月26日
2歳未勝利,2000,右,晴,芝,良,2020年12月26日
2歳未勝利,1800,右,晴,ダート,良,2020年12月26日
2歳新馬,1800,右,晴,ダート,良,2020年12月26日
3歳以上1勝クラス,1200,右,晴,ダート,良,2020年12月26日
3歳以上2勝クラス,1200,右,晴,ダート,良,2020年12月26日
第37回ホープフルステークス(G1),2000,右,晴,芝,良,2020年12月26日
グレイトフルS ,2500,右,晴,芝,良,2020年12月26日
2歳未勝利,1200,右,曇,ダート,良,2020年12月27日
2歳未勝利,1800,右,曇,ダート,良,2020年12月27日
2歳新馬,1200,右,晴,ダート,良,2020年12月27日
2歳新馬,2000,右,晴,芝,良,2020年12月27日
2歳1勝クラス,1200,右,晴,ダート,良,2020年12月27日
3歳以上1勝クラス,1800,右,晴,ダート,良,2020年12月27日
グッドラックハンデ ,2500,右,晴,芝,良,2020年12月27日
ベストウィッシュC ,1800,右,晴,ダート,良,2020年12月27日
フェアウェルS ,1200,右,晴,ダート,良,2020年12月27日
第65回有馬記念(G1),2500,右,晴,芝,良,2020年12月27日
3歳未勝利,1400,左,曇,ダート,良,2020年2月29日
3歳未勝利,1900,左,曇,ダート,良,2020年2月29日
3歳未勝利,1200,左,曇,芝,良,2020年2月29日
3歳未勝利,2000,左,曇,芝,良,2020年2月29日
3歳未勝利,1400,左,曇,ダート,良,2020年2月29日
3歳未勝利,1600,左,曇,芝,良,2020年2月29日
4歳以上1勝クラス,1800,左,曇,ダート,良,2020年2月29日
4歳以上1勝クラス,1200,左,曇,ダート,良,2020年2月29日
4歳以上1勝クラス,1900,左,曇,ダート,良,2020年2月29日
はこべら賞 ,1400,左,小雨,ダート,良,2020年2月29日
中京スポニチ賞 ,2000,左,小雨,芝,良,2020年2月29日
豊橋特別 ,1400,左,小雨,芝,良,2020年2月29日
3歳未勝利,1800,左,晴,ダート,稍重,2020年3月1日
3歳未勝利,2000,左,晴,芝,稍重,2020年3月1日
3歳未勝利,1200,左,晴,ダート,稍重,2020年3月1日
3歳未勝利,1800,左,晴,ダート,稍重,2020年3月1日
4歳以上1勝クラス,2000,左,晴,芝,良,2020年3月1日
4歳以上1勝クラス,1800,左,晴,ダート,稍重,2020年3月1日
4歳以上1勝クラス,1400,左,晴,ダート,稍重,2020年3月1日
茶臼山高原特別 ,2200,左,晴,芝,良,2020年3月1日
豊明ステークス ,1200,左,晴,芝,良,2020年3月1日
伊勢特別 ,1900,左,晴,ダート,良,2020年3月1日
3歳未勝利,1800,左,晴,ダート,良,2020年3月7日
3歳未勝利,1400,左,晴,ダート,良,2020年3月7日
3歳未勝利,1200,左,晴,ダート,良,2020年3月7日
3歳未勝利,1900,左,晴,ダート,良,2020年3月7日
3歳未勝利,2000,左,晴,芝,良,2020年3月7日
4歳以上1勝クラス,1400,左,晴,ダート,良,2020年3月7日
4歳以上1勝クラス,1800,左,晴,ダート,良,2020年3月7日
フローラルウォーク賞 ,1600,左,晴,芝,良,2020年3月7日
中京スポーツ杯 ,1200,左,晴,芝,良,2020年3月7日
刈谷特別 ,1600,左,晴,芝,良,2020年3月7日
3歳未勝利,1800,左,雨,ダート,不良,2020年3月8日
3歳未勝利,1400,左,雨,芝,不良,2020年3月8日
3歳未勝利,1200,左,雨,ダート,不良,2020年3月8日
3歳未勝利,2200,左,雨,芝,不良,2020年3月8日
4歳以上1勝クラス,1200,左,雨,ダート,不良,2020年3月8日
4歳以上1勝クラス,1800,左,雨,ダート,不良,2020年3月8日
4歳以上1勝クラス,2000,左,雨,芝,不良,2020年3月8日
4歳以上1勝クラス,1200,左,雨,芝,不良,2020年3月8日
昇竜ステークス ,1400,左,雨,ダート,不良,2020年3月8日
トリトンステークス ,1600,左,小雨,芝,不良,2020年3月8日
伊良湖特別 ,1200,左,曇,ダート,不良,2020年3月8日
3歳未勝利,1800,左,小雨,ダート,稍重,2020年3月14日
3歳未勝利,1200,左,小雨,ダート,稍重,2020年3月14日
3歳未勝利,1900,左,雨,ダート,稍重,2020年3月14日
3歳未勝利,1200,左,雨,芝,稍重,2020年3月14日
3歳未勝利,1400,左,雨,ダート,稍重,2020年3月14日
3歳未勝利,2000,左,雨,芝,重,2020年3月14日
4歳以上1勝クラス,1200,左,小雨,ダート,稍重,2020年3月14日
4歳以上1勝クラス,1600,左,曇,芝,重,2020年3月14日
4歳以上1勝クラス,1800,左,曇,ダート,稍重,2020年3月14日
熱田特別 ,2000,左,曇,芝,重,2020年3月14日
第34回中スポ賞ファルコンS(G3),1400,左,曇,芝,重,2020年3月14日
瀬戸特別 ,1800,左,曇,ダート,稍重,2020年3月14日
3歳未勝利,1400,左,晴,ダート,稍重,2020年3月15日
3歳未勝利,1800,左,晴,ダート,稍重,2020年3月15日
3歳未勝利,1200,左,晴,ダート,稍重,2020年3月15日
3歳未勝利,1600,左,晴,芝,稍重,2020年3月15日
3歳未勝利,2000,左,晴,芝,稍重,2020年3月15日
4歳以上1勝クラス,1400,左,晴,ダート,稍重,2020年3月15日
4歳以上1勝クラス,2200,左,晴,芝,稍重,2020年3月15日
4歳以上1勝クラス,1900,左,晴,ダート,稍重,2020年3月15日
4歳以上1勝クラス,1400,左,晴,芝,良,2020年3月15日
沈丁花賞 ,1800,左,晴,ダート,良,2020年3月15日
第56回金鯱賞(G2),2000,左,晴,芝,良,2020年3月15日
賢島特別 ,1600,左,晴,芝,良,2020年3月15日
3歳未勝利,1800,左,曇,ダート,稍重,2020年3月28日
3歳未勝利,1600,左,曇,芝,稍重,2020年3月28日
3歳未勝利,1200,左,曇,ダート,稍重,2020年3月28日
3歳未勝利,1900,左,曇,ダート,稍重,2020年3月28日
4歳以上1勝クラス,1400,左,曇,ダート,稍重,2020年3月28日
4歳以上1勝クラス,2000,左,曇,芝,稍重,2020年3月28日
4歳以上1勝クラス,1800,左,曇,ダート,稍重,2020年3月28日
熊野特別 ,2200,左,曇,芝,稍重,2020年3月28日
名鉄杯 ,1400,左,曇,ダート,稍重,2020年3月28日
岡崎特別 ,1400,左,曇,芝,稍重,2020年3月28日
3歳未勝利,1400,左,雨,ダート,不良,2020年3月29日
3歳未勝利,1800,左,小雨,ダート,不良,2020年3月29日
3歳未勝利,1400,左,曇,芝,不良,2020年3月29日
3歳未勝利,2200,左,晴,芝,不良,2020年3月29日
4歳以上1勝クラス,1200,左,晴,ダート,不良,2020年3月29日
4歳以上1勝クラス,1800,左,晴,ダート,不良,2020年3月29日
4歳以上1勝クラス,1200,左,晴,芝,重,2020年3月29日
4歳以上1勝クラス,1600,左,晴,芝,重,2020年3月29日
大寒桜賞 ,2200,左,晴,芝,重,2020年3月29日
名古屋城ステークス ,1800,左,晴,ダート,不良,2020年3月29日
第50回高松宮記念(G1),1200,左,晴,芝,重,2020年3月29日
鈴鹿特別 ,1400,左,晴,ダート,不良,2020年3月29日
2歳未勝利,1400,左,晴,芝,稍重,2020年9月12日
2歳未勝利,1400,左,晴,ダート,重,2020年9月12日
2歳未勝利,2000,左,晴,芝,稍重,2020年9月12日
2歳新馬,1600,左,晴,芝,稍重,2020年9月12日
2歳新馬,1400,左,晴,芝,良,2020年9月12日
3歳以上1勝クラス,1400,左,晴,ダート,稍重,2020年9月12日
3歳以上1勝クラス,1900,左,晴,ダート,稍重,2020年9月12日
木曽川特別 ,2000,左,曇,芝,良,2020年9月12日
3歳以上1勝クラス,1200,左,晴,ダート,稍重,2020年9月12日
日進特別 ,1800,左,晴,ダート,稍重,2020年9月12日
エニフステークス(L),1400,左,晴,ダート,稍重,2020年9月12日
3歳以上1勝クラス,1600,左,晴,芝,良,2020年9月12日
2歳未勝利,1800,左,小雨,ダート,稍重,2020年9月13日
2歳未勝利,1600,左,曇,芝,良,2020年9月13日
2歳新馬,1400,左,曇,ダート,稍重,2020年9月13日
2歳新馬,2000,左,曇,芝,良,2020年9月13日
3歳以上1勝クラス,1400,左,曇,ダート,稍重,2020年9月13日
3歳以上1勝クラス,2000,左,曇,芝,良,2020年9月13日
3歳以上1勝クラス,1800,左,曇,ダート,稍重,2020年9月13日
知多特別 ,1400,左,晴,芝,良,2020年9月13日
ムーンライトハンデ ,2200,左,晴,芝,良,2020年9月13日
第34回産経賞セントウルS(G2),1200,左,晴,芝,良,2020年9月13日
3歳以上2勝クラス,1400,左,晴,ダート,稍重,2020年9月13日
2歳未勝利,1400,左,晴,ダート,良,2020年9月19日
2歳未勝利,1800,左,晴,ダート,良,2020年9月19日
2歳未勝利,1600,左,晴,芝,良,2020年9月19日
2歳新馬,1800,左,晴,ダート,良,2020年9月19日
2歳新馬,1200,左,晴,芝,良,2020年9月19日
3歳以上1勝クラス,2000,左,晴,芝,良,2020年9月19日
3歳以上1勝クラス,1800,左,晴,ダート,良,2020年9月19日
野路菊ステークス ,1600,左,晴,芝,良,2020年9月19日
大府特別 ,1200,左,晴,ダート,良,2020年9月19日
ケフェウスステークス ,2000,左,晴,芝,良,2020年9月19日
3歳以上1勝クラス,1400,左,晴,ダート,良,2020年9月19日
2歳未勝利,1200,左,曇,ダート,良,2020年9月20日
2歳未勝利,1200,左,曇,芝,良,2020年9月20日
3歳以上1勝クラス,1800,左,曇,ダート,良,2020年9月20日
2歳新馬,2000,左,晴,芝,良,2020年9月20日
3歳以上1勝クラス,1200,左,晴,ダート,良,2020年9月20日
3歳以上1勝クラス,1600,左,晴,芝,良,2020年9月20日
3歳以上1勝クラス,1900,左,晴,ダート,良,2020年9月20日
小牧特別 ,2200,左,晴,芝,良,2020年9月20日
納屋橋ステークス ,1600,左,晴,芝,良,2020年9月20日
第38回関西TVローズS(G2),2000,左,晴,芝,良,2020年9月20日
3歳以上2勝クラス,1800,左,晴,ダート,良,2020年9月20日
2歳未勝利,1400,左,晴,ダート,良,2020年9月21日
2歳未勝利,1800,左,晴,ダート,良,2020年9月21日
2歳未勝利,2000,左,晴,芝,良,2020年9月21日
2歳新馬,1200,左,晴,ダート,良,2020年9月21日
2歳新馬,1600,左,晴,芝,良,2020年9月21日
3歳以上1勝クラス,1200,左,晴,ダート,良,2020年9月21日
3歳以上1勝クラス,1800,左,晴,ダート,良,2020年9月21日
3歳以上1勝クラス,1400,左,晴,ダート,良,2020年9月21日
金山特別 ,2200,左,晴,芝,良,2020年9月21日
Mブエナビスタ ,1600,左,晴,芝,良,2020年9月21日
JRAアニバーサリー ,1800,左,晴,ダート,良,2020年9月21日
3歳以上1勝クラス,1200,左,晴,芝,良,2020年9月21日
2歳未勝利,1200,左,晴,ダート,重,2020年9月26日
2歳未勝利,1600,左,晴,芝,稍重,2020年9月26日
2歳未勝利,2000,左,曇,芝,稍重,2020年9月26日
2歳新馬,1400,左,曇,ダート,重,2020年9月26日
2歳新馬,1400,左,曇,芝,良,2020年9月26日
3歳以上1勝クラス,1800,左,曇,ダート,稍重,2020年9月26日
3歳以上1勝クラス,1400,左,曇,ダート,稍重,2020年9月26日
3歳以上1勝クラス,1400,左,曇,芝,良,2020年9月26日
ヤマボウシ賞 ,1400,左,曇,ダート,稍重,2020年9月26日
夕月特別 ,2000,左,曇,芝,良,2020年9月26日
長篠ステークス ,1200,左,晴,芝,良,2020年9月26日
3歳以上2勝クラス,1800,左,晴,ダート,稍重,2020年9月26日
2歳未勝利,1800,左,晴,ダート,稍重,2020年9月27日
2歳未勝利,1400,左,晴,芝,良,2020年9月27日
2歳新馬,1400,左,晴,芝,良,2020年9月27日
2歳新馬,2000,左,晴,芝,良,2020年9月27日
3歳以上1勝クラス,1900,左,晴,ダート,稍重,2020年9月27日
3歳以上1勝クラス,1200,左,晴,ダート,稍重,2020年9月27日
3歳以上1勝クラス,2000,左,晴,芝,良,2020年9月27日
知立特別 ,1200,左,晴,芝,良,2020年9月27日
桶狭間ステークス ,1400,左,晴,ダート,稍重,2020年9月27日
第68回神戸新聞杯(G2),2200,左,晴,芝,良,2020年9月27日
3歳以上2勝クラス,1400,左,晴,ダート,稍重,2020年9月27日
2歳未勝利,1400,左,曇,ダート,良,2020年10月3日
2歳未勝利,1600,左,曇,芝,良,2020年10月3日
3歳以上1勝クラス,1200,左,曇,ダート,良,2020年10月3日
2歳新馬,1800,左,曇,ダート,良,2020年10月3日
2歳新馬,2000,左,曇,芝,良,2020年10月3日
3歳以上1勝クラス,1800,左,曇,ダート,良,2020年10月3日
3歳以上1勝クラス,1600,左,曇,芝,良,2020年10月3日
3歳以上2勝クラス,1900,左,曇,ダート,良,2020年10月3日
ききょうステークス ,1400,左,曇,芝,良,2020年10月3日
関ケ原ステークス ,2000,左,曇,芝,良,2020年10月3日
第24回シリウスステークス(G3),1900,左,曇,ダート,良,2020年10月3日
3歳以上2勝クラス,1400,左,曇,芝,良,2020年10月3日
2歳未勝利,1800,左,曇,ダート,良,2020年10月4日
2歳未勝利,1200,左,曇,芝,良,2020年10月4日
2歳未勝利,2000,左,曇,芝,良,2020年10月4日
2歳新馬,1600,左,曇,芝,良,2020年10月4日
3歳以上1勝クラス,1800,左,曇,ダート,良,2020年10月4日
3歳以上1勝クラス,2200,左,曇,芝,良,2020年10月4日
3歳以上1勝クラス,1400,左,曇,ダート,良,2020年10月4日
長久手特別 ,2000,左,曇,芝,良,2020年10月4日
白川郷ステークス ,1900,左,曇,ダート,良,2020年10月4日
ポートアイランドS(L),1600,左,曇,芝,良,2020年10月4日
3歳以上2勝クラス,1200,左,曇,ダート,良,2020年10月4日
2歳未勝利,1800,左,晴,ダート,良,2020年12月5日
2歳未勝利,1400,左,晴,ダート,良,2020年12月5日
3歳以上1勝クラス,1900,左,晴,ダート,良,2020年12月5日
2歳未勝利,1600,左,晴,芝,良,2020年12月5日
3歳以上1勝クラス,1200,左,晴,ダート,良,2020年12月5日
3歳以上1勝クラス,1400,左,晴,芝,良,2020年12月5日
3歳以上1勝クラス,1800,左,晴,ダート,良,2020年12月5日
3歳以上1勝クラス,1400,左,晴,ダート,良,2020年12月5日
3歳以上1勝クラス,1600,左,晴,芝,良,2020年12月5日
浜名湖特別 ,1800,左,晴,ダート,良,2020年12月5日
浜松ステークス ,1200,左,晴,芝,良,2020年12月5日
栄特別 ,2000,左,晴,芝,良,2020年12月5日
2歳未勝利,1800,左,晴,ダート,良,2020年12月6日
3歳以上1勝クラス,1200,左,晴,ダート,良,2020年12月6日
3歳以上1勝クラス,1800,左,晴,ダート,良,2020年12月6日
2歳未勝利,1200,左,晴,芝,良,2020年12月6日
2歳新馬,1400,左,晴,芝,良,2020年12月6日
3歳以上1勝クラス,1800,左,晴,ダート,良,2020年12月6日
3歳以上1勝クラス,2200,左,晴,芝,良,2020年12月6日
3歳以上1勝クラス,1400,左,晴,ダート,良,2020年12月6日
こうやまき賞 ,1600,左,晴,芝,良,2020年12月6日
中京日経賞 ,1200,左,晴,芝,良,2020年12月6日
第21回チャンピオンズカップ(G1),1800,左,晴,ダート,良,2020年12月6日
鳴海特別 ,1400,左,晴,ダート,良,2020年12月6日
2歳未勝利,1200,左,晴,ダート,良,2020年12月12日
3歳以上1勝クラス,1800,左,晴,ダート,良,2020年12月12日
3歳以上1勝クラス,1200,左,晴,ダート,良,2020年12月12日
3歳以上1勝クラス,1800,左,晴,ダート,良,2020年12月12日
2歳未勝利,2000,左,曇,芝,良,2020年12月12日
3歳以上1勝クラス,1400,左,曇,ダート,良,2020年12月12日
3歳以上1勝クラス,1400,左,晴,芝,良,2020年12月12日
犬山特別 ,1900,左,晴,ダート,良,2020年12月12日
第56回中日新聞杯(G3),2000,左,晴,芝,良,2020年12月12日
豊川特別 ,1600,左,晴,芝,良,2020年12月12日
2歳未勝利,1800,左,晴,ダート,良,2020年12月13日
3歳以上1勝クラス,1400,左,晴,ダート,良,2020年12月13日
3歳以上1勝クラス,1200,左,晴,ダート,良,2020年12月13日
2歳新馬,2000,左,曇,芝,良,2020年12月13日
2歳未勝利,1600,左,曇,芝,良,2020年12月13日
3歳以上1勝クラス,1900,左,曇,ダート,良,2020年12月13日
3歳以上1勝クラス,2000,左,曇,芝,良,2020年12月13日
3歳以上1勝クラス,1800,左,曇,ダート,良,2020年12月13日
つわぶき賞 ,1400,左,曇,芝,良,2020年12月13日
飛騨ステークス ,1400,左,曇,芝,良,2020年12月13日
名古屋日刊スポーツ杯 ,2000,左,曇,芝,良,2020年12月13日
2歳未勝利,1800,左,曇,ダート,良,2020年12月19日
3歳以上1勝クラス,1800,左,曇,ダート,良,2020年12月19日
3歳以上1勝クラス,1200,左,曇,ダート,良,2020年12月19日
3歳以上1勝クラス,1800,左,晴,ダート,良,2020年12月19日
2歳未勝利,2000,左,晴,芝,良,2020年12月19日
3歳以上1勝クラス,1400,左,晴,ダート,良,2020年12月19日
3歳以上1勝クラス,2200,左,晴,芝,良,2020年12月19日
報知杯中京2歳S ,1200,左,晴,芝,良,2020年12月19日
有松特別 ,1400,左,晴,芝,良,2020年12月19日
大須特別 ,1400,左,晴,ダート,良,2020年12月19日
2歳未勝利,1400,左,晴,ダート,良,2020年12月20日
3歳以上1勝クラス,1900,左,晴,ダート,良,2020年12月20日
3歳以上1勝クラス,1800,左,晴,ダート,良,2020年12月20日
2歳未勝利,1400,左,晴,芝,良,2020年12月20日
2歳新馬,1800,左,晴,ダート,良,2020年12月20日
3歳以上1勝クラス,1400,左,晴,芝,良,2020年12月20日
3歳以上1勝クラス,2000,左,晴,芝,良,2020年12月20日
3歳以上1勝クラス,1200,左,晴,芝,良,2020年12月20日
寒椿賞 ,1400,左,晴,ダート,良,2020年12月20日
三河ステークス ,1400,左,晴,ダート,良,2020年12月20日
尾張特別 ,2200,左,晴,芝,良,2020年12月20日
3歳未勝利,1200,右,曇,ダート,稍重,2020年1月5日
3歳未勝利,1800,右,曇,ダート,稍重,2020年1月5日
3歳新馬,1400,右,曇,ダート,稍重,2020年1月5日
4歳以上1勝クラス,1800,右,曇,ダート,稍重,2020年1月5日
3歳未勝利,1600,右,曇,芝,良,2020年1月5日
4歳以上1勝クラス,1400,右,曇,ダート,稍重,2020年1月5日
4歳以上2勝クラス,1800,右,曇,ダート,稍重,2020年1月5日
福寿草特別 ,2000,右,曇,芝,良,2020年1月5日
門松ステークス ,1200,右,曇,ダート,稍重,2020年1月5日
3歳未勝利,1800,右,晴,ダート,良,2020年1月6日
3歳新馬,1800,右,晴,ダート,良,2020年1月6日
3歳未勝利,1400,右,晴,ダート,良,2020年1月6日
3歳未勝利,2000,右,晴,芝,良,2020年1月6日
3歳1勝クラス,1800,右,晴,ダート,良,2020年1月6日
4歳以上1勝クラス,2000,右,晴,芝,良,2020年1月6日
4歳以上1勝クラス,1800,右,晴,ダート,良,2020年1月6日
4歳以上2勝クラス,1200,右,曇,ダート,良,2020年1月6日
3歳未勝利,1200,右,晴,ダート,稍重,2020年1月11日
3歳未勝利,1800,右,晴,ダート,稍重,2020年1月11日
3歳未勝利,1400,右,晴,ダート,稍重,2020年1月11日
3歳1勝クラス,1200,右,晴,ダート,稍重,2020年1月11日
3歳新馬,1600,右,晴,芝,良,2020年1月11日
4歳以上1勝クラス,1800,右,晴,ダート,稍重,2020年1月11日
4歳以上1勝クラス,1900,右,晴,ダート,稍重,2020年1月11日
五条坂特別 ,1800,右,晴,ダート,稍重,2020年1月11日
淀短距離ステークス(L),1200,右,晴,芝,良,2020年1月11日
4歳以上1勝クラス,1400,右,晴,ダート,稍重,2020年1月11日
3歳未勝利,1900,右,曇,ダート,稍重,2020年1月12日
3歳未勝利,1800,右,曇,ダート,稍重,2020年1月12日
3歳未勝利,1400,右,曇,ダート,稍重,2020年1月12日
3歳新馬,1200,右,曇,ダート,稍重,2020年1月12日
3歳未勝利,1600,右,曇,芝,良,2020年1月12日
3歳新馬,2000,右,曇,芝,良,2020年1月12日
4歳以上1勝クラス,1400,右,曇,ダート,稍重,2020年1月12日
4歳以上2勝クラス,1800,右,曇,ダート,稍重,2020年1月12日
天ケ瀬特別 ,1400,右,曇,ダート,稍重,2020年1月12日
雅ステークス ,1800,右,曇,ダート,稍重,2020年1月12日
4歳以上1勝クラス,1200,右,曇,芝,良,2020年1月12日
3歳未勝利,1200,右,晴,ダート,稍重,2020年1月13日
3歳未勝利,1800,右,晴,ダート,稍重,2020年1月13日
3歳新馬,1800,右,晴,ダート,稍重,2020年1月13日
3歳1勝クラス,1400,右,晴,ダート,稍重,2020年1月13日
4歳以上1勝クラス,1200,右,晴,ダート,稍重,2020年1月13日
4歳以上1勝クラス,1800,右,晴,ダート,稍重,2020年1月13日
乙訓特別 ,1200,右,晴,芝,良,2020年1月13日
寿ステークス ,2000,右,晴,芝,良,2020年1月13日
すばるステークス(L),1400,右,晴,ダート,稍重,2020年1月13日
3歳未勝利,1200,右,晴,ダート,稍重,2020年1月18日
3歳未勝利,1800,右,晴,ダート,稍重,2020年1月18日
3歳未勝利,1400,右,晴,ダート,稍重,2020年1月18日
3歳新馬,1400,右,晴,ダート,稍重,2020年1月18日
3歳未勝利,2000,右,晴,芝,稍重,2020年1月18日
3歳1勝クラス,1800,右,晴,ダート,稍重,2020年1月18日
4歳以上1勝クラス,1200,右,晴,ダート,稍重,2020年1月18日
4歳以上2勝クラス,1900,右,晴,ダート,稍重,2020年1月18日
羅生門ステークス ,1400,右,曇,ダート,稍重,2020年1月18日
3歳未勝利,1800,右,晴,ダート,良,2020年1月19日
3歳未勝利,1800,右,晴,ダート,良,2020年1月19日
3歳未勝利,1400,右,晴,ダート,良,2020年1月19日
3歳未勝利,1600,右,晴,芝,良,2020年1月19日
4歳以上1勝クラス,1400,右,曇,ダート,良,2020年1月19日
4歳以上1勝クラス,1800,右,曇,ダート,良,2020年1月19日
白梅賞 ,1600,右,曇,芝,良,2020年1月19日
北大路特別 ,2000,右,曇,芝,良,2020年1月19日
4歳以上2勝クラス,1200,右,曇,ダート,良,2020年1月19日
3歳未勝利,1900,右,曇,ダート,重,2020年1月25日
3歳未勝利,1200,右,曇,ダート,重,2020年1月25日
3歳未勝利,1800,右,曇,ダート,重,2020年1月25日
3歳未勝利,1600,右,晴,芝,稍重,2020年1月25日
3歳新馬,1800,右,晴,ダート,重,2020年1月25日
3歳1勝クラス,1400,右,晴,ダート,重,2020年1月25日
4歳以上1勝クラス,1200,右,曇,ダート,重,2020年1月25日
蹴上特別 ,1800,右,曇,ダート,重,2020年1月25日
3歳未勝利,1800,右,曇,ダート,重,2020年1月26日
3歳未勝利,1200,右,曇,ダート,重,2020年1月26日
3歳未勝利,1800,右,曇,ダート,重,2020年1月26日
3歳未勝利,1400,右,曇,ダート,重,2020年1月26日
3歳新馬,1600,右,晴,芝,稍重,2020年1月26日
4歳以上1勝クラス,1900,右,晴,ダート,重,2020年1月26日
4歳以上1勝クラス,1800,右,晴,ダート,重,2020年1月26日
若駒ステークス(L),2000,右,晴,芝,良,2020年1月26日
第37回東海テレビ杯東海S(G2),1800,右,晴,ダート,重,2020年1月26日
4歳以上2勝クラス,1400,右,晴,ダート,重,2020年1月26日
3歳未勝利,1800,右,曇,ダート,稍重,2020年2月1日
3歳新馬,1200,右,曇,ダート,稍重,2020年2月1日
3歳未勝利,1400,右,曇,ダート,稍重,2020年2月1日
4歳以上1勝クラス,1800,右,曇,ダート,稍重,2020年2月1日
3歳未勝利,1600,右,曇,芝,良,2020年2月1日
3歳未勝利,2000,右,晴,芝,良,2020年2月1日
4歳以上1勝クラス,1200,右,晴,ダート,稍重,2020年2月1日
舞鶴ステークス ,1900,右,晴,ダート,稍重,2020年2月1日
4歳以上2勝クラス,1200,右,晴,ダート,稍重,2020年2月1日
3歳未勝利,1800,右,晴,ダート,稍重,2020年2月2日
3歳未勝利,1200,右,晴,ダート,稍重,2020年2月2日
3歳1勝クラス,1800,右,晴,ダート,稍重,2020年2月2日
3歳未勝利,1600,右,晴,芝,良,2020年2月2日
3歳新馬,2000,右,晴,芝,良,2020年2月2日
3歳1勝クラス,1200,右,晴,芝,良,2020年2月2日
4歳以上1勝クラス,1400,右,晴,ダート,良,2020年2月2日
大津特別 ,1800,右,晴,ダート,良,2020年2月2日
第25回シルクロードS(G3),1200,右,晴,芝,良,2020年2月2日
4歳以上2勝クラス,1400,右,晴,ダート,良,2020年2月2日
3歳未勝利,1900,右,晴,ダート,良,2020年2月8日
3歳未勝利,1800,右,晴,ダート,良,2020年2月8日
3歳未勝利,1400,右,晴,ダート,良,2020年2月8日
3歳新馬,1800,右,晴,ダート,良,2020年2月8日
4歳以上1勝クラス,1200,右,晴,ダート,良,2020年2月8日
稲荷特別 ,2000,右,晴,芝,良,2020年2月8日
アルデバランS ,1900,右,晴,ダート,良,2020年2月8日
4歳以上2勝クラス,1200,右,晴,芝,良,2020年2月8日
3歳未勝利,1200,右,晴,ダート,良,2020年2月9日
3歳未勝利,1800,右,晴,ダート,良,2020年2月9日
3歳1勝クラス,1200,右,晴,ダート,良,2020年2月9日
3歳新馬,1600,右,曇,芝,良,2020年2月9日
4歳以上1勝クラス,1800,右,曇,ダート,良,2020年2月9日
4歳以上2勝クラス,1900,右,曇,ダート,良,2020年2月9日
橿原ステークス ,1200,右,曇,ダート,良,2020年2月9日
山城ステークス ,1200,右,曇,芝,良,2020年2月9日
4歳以上2勝クラス,1400,右,曇,ダート,良,2020年2月9日
3歳未勝利,1200,右,曇,ダート,稍重,2020年2月15日
3歳未勝利,1800,右,曇,ダート,稍重,2020年2月15日
3歳未勝利,1400,右,曇,ダート,稍重,2020年2月15日
3歳未勝利,2000,右,曇,芝,稍重,2020年2月15日
3歳新馬,1400,右,曇,ダート,稍重,2020年2月15日
3歳1勝クラス,1800,右,曇,ダート,稍重,2020年2月15日
4歳以上1勝クラス,1900,右,曇,ダート,稍重,2020年2月15日
4歳以上2勝クラス,1800,右,曇,ダート,稍重,2020年2月15日
3歳未勝利,1800,右,雨,ダート,重,2020年2月16日
3歳未勝利,1200,右,雨,ダート,重,2020年2月16日
4歳以上1勝クラス,1800,右,小雨,ダート,重,2020年2月16日
3歳未勝利,1600,右,小雨,芝,重,2020年2月16日
4歳以上1勝クラス,1400,右,小雨,ダート,重,2020年2月16日
こぶし賞 ,1600,右,雨,芝,重,2020年2月16日
北山ステークス ,1800,右,雨,ダート,重,2020年2月16日
4歳以上2勝クラス,1200,右,雨,ダート,重,2020年2月16日
3歳未勝利,1800,右,曇,ダート,稍重,2020年2月22日
3歳未勝利,1200,右,小雨,ダート,稍重,2020年2月22日
3歳新馬,1800,右,小雨,ダート,稍重,2020年2月22日
3歳未勝利,1600,右,雨,芝,稍重,2020年2月22日
3歳1勝クラス,1400,右,雨,ダート,重,2020年2月22日
4歳以上1勝クラス,1200,右,雨,ダート,不良,2020年2月22日
河原町ステークス ,1400,右,曇,ダート,不良,2020年2月22日
4歳以上2勝クラス,1800,右,曇,ダート,不良,2020年2月22日
3歳未勝利,1800,右,晴,ダート,重,2020年2月23日
3歳未勝利,1800,右,晴,ダート,重,2020年2月23日
3歳未勝利,1400,右,晴,ダート,重,2020年2月23日
4歳以上1勝クラス,1800,右,晴,ダート,重,2020年2月23日
4歳以上1勝クラス,1400,右,曇,ダート,重,2020年2月23日
大和ステークス ,1200,右,晴,ダート,重,2020年2月23日
4歳以上2勝クラス,1400,右,晴,ダート,重,2020年2月23日
3歳未勝利,1800,右,晴,ダート,良,2020年4月25日
3歳未勝利,1400,右,晴,ダート,良,2020年4月25日
3歳未勝利,1900,右,晴,ダート,良,2020年4月25日
3歳未勝利,1600,右,晴,芝,良,2020年4月25日
3歳未勝利,2000,右,晴,芝,良,2020年4月25日
3歳1勝クラス,1200,右,晴,ダート,良,2020年4月25日
4歳以上1勝クラス,1200,右,晴,ダート,良,2020年4月25日
4歳以上2勝クラス,1800,右,晴,ダート,良,2020年4月25日
3歳未勝利,1200,右,晴,ダート,良,2020年4月26日
3歳未勝利,1800,右,晴,ダート,良,2020年4月26日
3歳未勝利,2000,右,晴,芝,良,2020年4月26日
3歳未勝利,1200,右,晴,芝,良,2020年4月26日
3歳1勝クラス,1800,右,晴,ダート,良,2020年4月26日
4歳以上1勝クラス,1800,右,曇,ダート,良,2020年4月26日
桃山ステークス ,1900,右,曇,ダート,良,2020年4月26日
4歳以上2勝クラス,1400,右,曇,ダート,良,2020年4月26日
3歳未勝利,1400,右,晴,ダート,良,2020年5月2日
3歳未勝利,1800,右,晴,ダート,良,2020年5月2日
3歳未勝利,1400,右,晴,芝,良,2020年5月2日
3歳1勝クラス,1800,右,晴,ダート,良,2020年5月2日
4歳以上2勝クラス,1200,右,晴,ダート,良,2020年5月2日
下鴨ステークス ,2000,右,晴,芝,良,2020年5月2日
天王山ステークス ,1200,右,晴,ダート,良,2020年5月2日
4歳以上2勝クラス,1800,右,晴,ダート,良,2020年5月2日
3歳未勝利,1800,右,曇,ダート,良,2020年5月3日
3歳未勝利,1200,右,曇,ダート,良,2020年5月3日
3歳未勝利,1600,右,曇,芝,良,2020年5月3日
3歳未勝利,2000,右,曇,芝,良,2020年5月3日
4歳以上1勝クラス,1800,右,曇,ダート,良,2020年5月3日
4歳以上1勝クラス,1400,右,曇,ダート,良,2020年5月3日
鷹ケ峰特別 ,1200,右,曇,芝,良,2020年5月3日
端午ステークス ,1400,右,曇,ダート,良,2020年5月3日
高瀬川ステークス ,1400,右,曇,ダート,良,2020年5月3日
3歳未勝利,1200,右,晴,ダート,良,2020年5月9日
3歳未勝利,1800,右,晴,ダート,良,2020年5月9日
3歳未勝利,1400,右,晴,芝,良,2020年5月9日
3歳1勝クラス,1800,右,曇,ダート,良,2020年5月9日
3歳1勝クラス,1600,右,曇,芝,良,2020年5月9日
4歳以上1勝クラス,1200,右,曇,ダート,良,2020年5月9日
4歳以上1勝クラス,1800,右,曇,ダート,良,2020年5月9日
鴨川特別 ,2000,右,曇,芝,良,2020年5月9日
4歳以上2勝クラス,1400,右,曇,ダート,良,2020年5月9日
3歳未勝利,1800,右,曇,ダート,良,2020年5月10日
3歳未勝利,1400,右,曇,ダート,良,2020年5月10日
3歳未勝利,1900,右,曇,ダート,良,2020年5月10日
3歳未勝利,2000,右,曇,芝,良,2020年5月10日
3歳1勝クラス,1400,右,曇,ダート,良,2020年5月10日
上賀茂ステークス ,1800,右,曇,ダート,良,2020年5月10日
鞍馬ステークス ,1200,右,曇,芝,良,2020年5月10日
4歳以上2勝クラス,1900,右,曇,ダート,良,2020年5月10日
3歳未勝利,1400,右,雨,ダート,稍重,2020年5月16日
3歳未勝利,1800,右,雨,ダート,稍重,2020年5月16日
3歳未勝利,2000,右,雨,芝,稍重,2020年5月16日
3歳未勝利,1600,右,雨,芝,稍重,2020年5月16日
3歳1勝クラス,1800,右,雨,ダート,重,2020年5月16日
4歳以上1勝クラス,1400,右,雨,ダート,重,2020年5月16日
あずさ賞 ,2000,右,雨,芝,重,2020年5月16日
4歳以上2勝クラス,1800,右,雨,ダート,不良,2020年5月16日
3歳未勝利,1200,右,曇,ダート,不良,2020年5月17日
3歳未勝利,1800,右,曇,ダート,不良,2020年5月17日
3歳未勝利,1200,右,曇,芝,重,2020年5月17日
3歳未勝利,1800,右,晴,ダート,重,2020年5月17日
3歳未勝利,2000,右,晴,芝,稍重,2020年5月17日
3歳1勝クラス,1600,右,晴,芝,稍重,2020年5月17日
4歳以上1勝クラス,1800,右,晴,ダート,重,2020年5月17日
4歳以上1勝クラス,2000,右,晴,芝,稍重,2020年5月17日
栗東ステークス(L),1400,右,晴,ダート,重,2020年5月17日
4歳以上2勝クラス,1200,右,晴,ダート,重,2020年5月17日
3歳未勝利,1800,右,晴,ダート,良,2020年5月23日
3歳未勝利,1200,右,晴,ダート,良,2020年5月23日
3歳未勝利,1400,右,晴,芝,良,2020年5月23日
3歳未勝利,1900,右,晴,ダート,良,2020年5月23日
3歳1勝クラス,1600,右,晴,芝,良,2020年5月23日
4歳以上1勝クラス,2000,右,晴,芝,良,2020年5月23日
4歳以上1勝クラス,1400,右,晴,ダート,良,2020年5月23日
シドニートロフィー ,1200,右,晴,ダート,良,2020年5月23日
第27回平安ステークス(G3),1900,右,晴,ダート,良,2020年5月23日
3歳未勝利,1400,右,晴,ダート,良,2020年5月24日
3歳未勝利,1800,右,晴,ダート,良,2020年5月24日
3歳未勝利,1600,右,晴,芝,良,2020年5月24日
3歳未勝利,2000,右,晴,芝,良,2020年5月24日
3歳1勝クラス,1200,右,晴,ダート,良,2020年5月24日
4歳以上1勝クラス,1900,右,晴,ダート,良,2020年5月24日
4歳以上1勝クラス,1200,右,晴,芝,良,2020年5月24日
御室特別 ,2000,右,晴,芝,良,2020年5月24日
鳳雛ステークス(L),1800,右,晴,ダート,良,2020年5月24日
4歳以上2勝クラス,1800,右,晴,ダート,良,2020年5月24日
3歳未勝利,1400,右,晴,ダート,良,2020年5月30日
3歳未勝利,1800,右,晴,ダート,良,2020年5月30日
3歳未勝利,1400,右,晴,芝,良,2020年5月30日
3歳1勝クラス,1800,右,晴,ダート,良,2020年5月30日
4歳以上1勝クラス,1200,右,晴,ダート,良,2020年5月30日
紫野特別 ,2000,右,晴,芝,良,2020年5月30日
東大路ステークス ,1800,右,曇,ダート,良,2020年5月30日
第3回葵ステークス(G),1200,右,曇,芝,良,2020年5月30日
4歳以上2勝クラス,1400,右,曇,ダート,良,2020年5月30日
3歳未勝利,1200,右,雨,ダート,良,2020年5月31日
3歳未勝利,1800,右,雨,ダート,良,2020年5月31日
3歳1勝クラス,1400,右,曇,ダート,良,2020年5月31日
3歳1勝クラス,1200,右,曇,芝,良,2020年5月31日
4歳以上1勝クラス,1800,右,曇,ダート,良,2020年5月31日
與杼特別 ,1900,右,曇,ダート,良,2020年5月31日
朱雀ステークス ,1200,右,曇,芝,良,2020年5月31日
2歳未勝利,1800,右,雨,ダート,不良,2020年10月10日
2歳未勝利,1400,右,小雨,芝,不良,2020年10月10日
2歳新馬,1200,右,曇,ダート,不良,2020年10月10日
2歳新馬,1600,右,晴,芝,不良,2020年10月10日
3歳以上1勝クラス,1400,右,曇,ダート,不良,2020年10月10日
3歳以上1勝クラス,1200,右,曇,ダート,不良,2020年10月10日
夕刊フジ杯オパールS(L),1200,右,曇,芝,重,2020年10月10日
3歳以上2勝クラス,1800,右,曇,ダート,不良,2020年10月10日
2歳未勝利,1200,右,晴,ダート,重,2020年10月11日
2歳未勝利,1600,右,晴,芝,稍重,2020年10月11日
2歳新馬,1800,右,曇,ダート,重,2020年10月11日
2歳新馬,1400,右,曇,芝,稍重,2020年10月11日
3歳以上1勝クラス,1800,右,曇,ダート,重,2020年10月11日
藤森ステークス ,1200,右,曇,ダート,重,2020年10月11日
3歳以上2勝クラス,1400,右,晴,ダート,重,2020年10月11日
2歳未勝利,1800,右,雨,ダート,稍重,2020年10月17日
2歳未勝利,1600,右,雨,芝,稍重,2020年10月17日
2歳未勝利,2000,右,雨,芝,稍重,2020年10月17日
2歳新馬,1400,右,雨,ダート,重,2020年10月17日
3歳以上1勝クラス,1900,右,雨,ダート,重,2020年10月17日
3歳以上1勝クラス,1400,右,雨,ダート,重,2020年10月17日
紫菊賞 ,2000,右,雨,芝,重,2020年10月17日
太秦ステークス ,1800,右,雨,ダート,不良,2020年10月17日
2歳未勝利,1200,右,曇,芝,重,2020年10月18日
2歳未勝利,1400,右,曇,ダート,不良,2020年10月18日
2歳新馬,1400,右,曇,芝,重,2020年10月18日
2歳新馬,2000,右,曇,芝,稍重,2020年10月18日
3歳以上1勝クラス,1800,右,曇,ダート,不良,2020年10月18日
3歳以上1勝クラス,2000,右,晴,芝,稍重,2020年10月18日
3歳以上2勝クラス,1800,右,晴,ダート,不良,2020年10月18日
第25回秋華賞(G1),2000,右,晴,芝,稍重,2020年10月18日
平城京ステークス ,1800,右,晴,ダート,重,2020年10月18日
2歳未勝利,1400,右,晴,ダート,不良,2020年10月24日
2歳未勝利,1600,右,晴,芝,稍重,2020年10月24日
2歳未勝利,2000,右,晴,芝,稍重,2020年10月24日
2歳新馬,1800,右,晴,ダート,不良,2020年10月24日
2歳新馬,1200,右,晴,芝,稍重,2020年10月24日
3歳以上1勝クラス,1200,右,晴,ダート,重,2020年10月24日
3歳以上1勝クラス,1800,右,晴,ダート,重,2020年10月24日
壬生特別 ,1200,右,晴,芝,稍重,2020年10月24日
室町ステークス ,1200,右,晴,ダート,重,2020年10月24日
3歳以上2勝クラス,1400,右,晴,ダート,重,2020年10月24日
2歳未勝利,1200,右,晴,ダート,稍重,2020年10月25日
2歳未勝利,1400,右,晴,芝,良,2020年10月25日
2歳未勝利,1800,右,晴,ダート,稍重,2020年10月25日
2歳新馬,1600,右,晴,芝,良,2020年10月25日
3歳以上2勝クラス,1900,右,晴,ダート,稍重,2020年10月25日
なでしこ賞 ,1400,右,晴,ダート,稍重,2020年10月25日
桂川ステークス ,1200,右,晴,芝,良,2020年10月25日
貴船ステークス ,1400,右,晴,ダート,稍重,2020年10月25日
2歳未勝利,1800,右,晴,ダート,良,2020年10月31日
2歳未勝利,1400,右,晴,ダート,良,2020年10月31日
2歳新馬,1600,右,晴,芝,良,2020年10月31日
2歳新馬,2000,右,晴,芝,良,2020年10月31日
3歳以上1勝クラス,1800,右,晴,ダート,良,2020年10月31日
3歳以上1勝クラス,1400,右,晴,ダート,良,2020年10月31日
3歳以上2勝クラス,1800,右,晴,ダート,良,2020年10月31日
2歳未勝利,1200,右,晴,ダート,良,2020年11月1日
2歳未勝利,1200,右,晴,芝,良,2020年11月1日
2歳未勝利,2000,右,晴,芝,良,2020年11月1日
2歳新馬,1400,右,晴,ダート,良,2020年11月1日
2歳新馬,1400,右,曇,芝,良,2020年11月1日
3歳以上1勝クラス,1800,右,晴,ダート,良,2020年11月1日
3歳以上2勝クラス,2000,右,晴,芝,良,2020年11月1日
栞ステークス ,1900,右,晴,ダート,良,2020年11月1日
3歳以上2勝クラス,1200,右,晴,ダート,良,2020年11月1日
3歳未勝利,1800,右,曇,ダート,稍重,2020年2月29日
3歳未勝利,1400,右,曇,ダート,稍重,2020年2月29日
3歳未勝利,1800,右,曇,ダート,稍重,2020年2月29日
3歳新馬,1200,右,曇,ダート,稍重,2020年2月29日
3歳1勝クラス,1200,右,曇,ダート,稍重,2020年2月29日
4歳以上1勝クラス,1400,右,小雨,ダート,稍重,2020年2月29日
マーガレットS(L),1200,右,雨,芝,良,2020年2月29日
仁川ステークス(L),2000,右,雨,ダート,稍重,2020年2月29日
3歳未勝利,1400,右,晴,ダート,重,2020年3月1日
3歳未勝利,1800,右,晴,ダート,重,2020年3月1日
3歳未勝利,1200,右,晴,ダート,重,2020年3月1日
3歳新馬,2000,右,晴,芝,稍重,2020年3月1日
4歳以上1勝クラス,1800,右,晴,ダート,重,2020年3月1日
4歳以上1勝クラス,1200,右,晴,ダート,重,2020年3月1日
伊丹ステークス ,1800,右,晴,ダート,重,2020年3月1日
すみれステークス(L),2200,右,晴,芝,良,2020年3月1日
第64回阪急杯(G3),1400,右,晴,芝,良,2020年3月1日
4歳以上2勝クラス,1200,右,晴,ダート,重,2020年3月1日
3歳未勝利,1800,右,晴,ダート,重,2020年3月7日
3歳未勝利,1400,右,晴,ダート,重,2020年3月7日
3歳未勝利,1800,右,晴,ダート,重,2020年3月7日
3歳新馬,1400,右,晴,ダート,重,2020年3月7日
3歳未勝利,2000,右,晴,芝,良,2020年3月7日
3歳1勝クラス,1400,右,晴,芝,良,2020年3月7日
4歳以上1勝クラス,1200,右,晴,ダート,稍重,2020年3月7日
4歳以上1勝クラス,1800,右,晴,ダート,稍重,2020年3月7日
摂津特別 ,1400,右,晴,芝,良,2020年3月7日
但馬ステークス ,2000,右,晴,芝,良,2020年3月7日
4歳以上2勝クラス,1400,右,曇,ダート,稍重,2020年3月7日
3歳未勝利,1400,右,雨,ダート,重,2020年3月8日
3歳未勝利,1800,右,雨,ダート,重,2020年3月8日
3歳未勝利,1200,右,小雨,ダート,重,2020年3月8日
3歳新馬,1800,右,小雨,ダート,重,2020年3月8日
3歳1勝クラス,1800,右,曇,ダート,重,2020年3月8日
4歳以上1勝クラス,1400,右,曇,ダート,重,2020年3月8日
4歳以上2勝クラス,2000,右,曇,芝,稍重,2020年3月8日
播磨ステークス ,1400,右,曇,ダート,重,2020年3月8日
4歳以上2勝クラス,1800,右,曇,ダート,重,2020年3月8日
3歳未勝利,1200,右,雨,ダート,重,2020年3月14日
3歳未勝利,1800,右,雨,ダート,重,2020年3月14日
3歳未勝利,1400,右,小雨,ダート,重,2020年3月14日
3歳新馬,1800,右,小雨,ダート,重,2020年3月14日
4歳以上1勝クラス,1400,右,曇,ダート,重,2020年3月14日
心斎橋ステークス ,1400,右,小雨,芝,稍重,2020年3月14日
ポラリスステークス ,1400,右,小雨,ダート,重,2020年3月14日
4歳以上2勝クラス,1800,右,小雨,ダート,重,2020年3月14日
3歳未勝利,1800,右,晴,ダート,重,2020年3月15日
3歳未勝利,1200,右,晴,ダート,重,2020年3月15日
3歳未勝利,1800,右,晴,ダート,重,2020年3月15日
3歳1勝クラス,1400,右,晴,ダート,重,2020年3月15日
4歳以上1勝クラス,1800,右,曇,ダート,重,2020年3月15日
甲南ステークス ,2000,右,晴,ダート,重,2020年3月15日
第54回フィリーズレビュー(G2),1400,右,晴,芝,稍重,2020年3月15日
4歳以上2勝クラス,1200,右,晴,ダート,重,2020年3月15日
3歳未勝利,1400,右,晴,ダート,良,2020年3月20日
3歳未勝利,1800,右,晴,ダート,良,2020年3月20日
3歳未勝利,1200,右,晴,ダート,良,2020年3月20日
3歳未勝利,2000,右,晴,ダート,良,2020年3月20日
3歳新馬,1800,右,晴,ダート,良,2020年3月20日
4歳以上1勝クラス,1800,右,晴,ダート,良,2020年3月20日
さわらび賞 ,1200,右,晴,芝,良,2020年3月20日
夙川特別 ,1400,右,晴,ダート,良,2020年3月20日
尼崎ステークス ,2200,右,晴,芝,良,2020年3月20日
4歳以上1勝クラス,1200,右,晴,ダート,良,2020年3月20日
3歳未勝利,1800,右,晴,ダート,良,2020年3月21日
3歳未勝利,1200,右,晴,ダート,良,2020年3月21日
3歳未勝利,1800,右,晴,ダート,良,2020年3月21日
3歳未勝利,1400,右,晴,ダート,良,2020年3月21日
3歳未勝利,2200,右,晴,芝,良,2020年3月21日
3歳1勝クラス,1400,右,晴,ダート,良,2020年3月21日
4歳以上1勝クラス,1800,右,晴,ダート,良,2020年3月21日
川西特別 ,2000,右,晴,ダート,良,2020年3月21日
ラジオ関西賞仲春特別 ,1200,右,晴,芝,良,2020年3月21日
若葉ステークス(L),2000,右,晴,芝,良,2020年3月21日
4歳以上1勝クラス,1400,右,晴,ダート,良,2020年3月21日
3歳未勝利,1400,右,晴,ダート,良,2020年3月22日
3歳未勝利,1800,右,晴,ダート,良,2020年3月22日
3歳未勝利,1400,右,晴,芝,良,2020年3月22日
3歳未勝利,2000,右,晴,芝,良,2020年3月22日
3歳1勝クラス,1800,右,晴,ダート,良,2020年3月22日
4歳以上1勝クラス,2000,右,晴,ダート,良,2020年3月22日
なにわステークス ,1200,右,曇,ダート,良,2020年3月22日
第68回阪神大賞典(G2),3000,右,曇,芝,良,2020年3月22日
4歳以上2勝クラス,1800,右,曇,ダート,良,2020年3月22日
3歳未勝利,1800,右,曇,ダート,不良,2020年3月28日
3歳未勝利,1200,右,曇,ダート,不良,2020年3月28日
3歳未勝利,1800,右,曇,ダート,不良,2020年3月28日
3歳未勝利,2000,右,曇,芝,稍重,2020年3月28日
3歳1勝クラス,1800,右,曇,ダート,重,2020年3月28日
4歳以上1勝クラス,1400,右,曇,ダート,重,2020年3月28日
4歳以上1勝クラス,1800,右,曇,ダート,重,2020年3月28日
4歳以上1勝クラス,1200,右,雨,ダート,重,2020年3月28日
3歳未勝利,1800,右,晴,ダート,不良,2020年3月29日
3歳未勝利,1200,右,晴,ダート,不良,2020年3月29日
3歳未勝利,1800,右,晴,ダート,不良,2020年3月29日
3歳未勝利,1400,右,晴,ダート,不良,2020年3月29日
3歳1勝クラス,1400,右,晴,芝,稍重,2020年3月29日
4歳以上1勝クラス,1800,右,晴,ダート,重,2020年3月29日
四国新聞杯 ,2000,右,晴,芝,稍重,2020年3月29日
4歳以上2勝クラス,1800,右,晴,ダート,重,2020年3月29日
3歳未勝利,1400,右,晴,ダート,稍重,2020年4月4日
3歳未勝利,1200,右,晴,ダート,稍重,2020年4月4日
3歳未勝利,2000,右,晴,ダート,稍重,2020年4月4日
3歳1勝クラス,1400,右,晴,ダート,稍重,2020年4月4日
4歳以上1勝クラス,1800,右,晴,ダート,稍重,2020年4月4日
4歳以上1勝クラス,1400,右,晴,ダート,稍重,2020年4月4日
明石特別 ,2000,右,晴,芝,良,2020年4月4日
コーラルステークス(L),1400,右,晴,ダート,良,2020年4月4日
4歳以上2勝クラス,1800,右,晴,ダート,良,2020年4月4日
3歳未勝利,1800,右,晴,ダート,良,2020年4月5日
3歳未勝利,1400,右,晴,ダート,良,2020年4月5日
3歳未勝利,1800,右,晴,ダート,良,2020年4月5日
3歳1勝クラス,1800,右,晴,ダート,良,2020年4月5日
4歳以上1勝クラス,2000,右,晴,芝,良,2020年4月5日
4歳以上2勝クラス,1200,右,晴,ダート,良,2020年4月5日
4歳以上2勝クラス,1400,右,晴,ダート,良,2020年4月5日
千種川特別 ,1200,右,晴,芝,良,2020年4月5日
第64回大阪杯(G1),2000,右,晴,芝,良,2020年4月5日
鳴門ステークス ,1400,右,晴,ダート,良,2020年4月5日
3歳未勝利,1400,右,晴,ダート,良,2020年4月11日
3歳未勝利,1800,右,晴,ダート,良,2020年4月11日
3歳未勝利,1200,右,晴,ダート,良,2020年4月11日
3歳未勝利,1400,右,晴,芝,良,2020年4月11日
3歳1勝クラス,1800,右,晴,ダート,良,2020年4月11日
4歳以上1勝クラス,1800,右,晴,ダート,良,2020年4月11日
4歳以上1勝クラス,1200,右,晴,ダート,良,2020年4月11日
4歳以上2勝クラス,1800,右,晴,ダート,良,2020年4月11日
3歳未勝利,1800,右,雨,ダート,良,2020年4月12日
3歳未勝利,1200,右,雨,ダート,良,2020年4月12日
3歳未勝利,1800,右,雨,ダート,良,2020年4月12日
3歳未勝利,2000,右,雨,芝,良,2020年4月12日
3歳1勝クラス,1200,右,雨,ダート,稍重,2020年4月12日
4歳以上1勝クラス,2000,右,雨,ダート,稍重,2020年4月12日
天王寺特別 ,1400,右,雨,ダート,稍重,2020年4月12日
忘れな草賞(L),2000,右,雨,芝,稍重,2020年4月12日
大阪ーハンブルクC ,1200,右,雨,芝,重,2020年4月12日
梅田ステークス ,1800,右,雨,ダート,重,2020年4月12日
3歳未勝利,1400,右,曇,ダート,不良,2020年4月18日
3歳未勝利,1800,右,曇,ダート,不良,2020年4月18日
3歳未勝利,1200,右,曇,ダート,不良,2020年4月18日
3歳未勝利,2200,右,雨,芝,重,2020年4月18日
3歳1勝クラス,1200,右,曇,芝,重,2020年4月18日
4歳以上1勝クラス,1800,右,曇,ダート,不良,2020年4月18日
4歳以上1勝クラス,1400,右,曇,ダート,不良,2020年4月18日
陽春ステークス ,1200,右,晴,ダート,不良,2020年4月18日
4歳以上2勝クラス,2000,右,晴,ダート,不良,2020年4月18日
3歳未勝利,1800,右,曇,ダート,重,2020年4月19日
3歳未勝利,1400,右,曇,ダート,重,2020年4月19日
3歳未勝利,2000,右,曇,ダート,重,2020年4月19日
3歳1勝クラス,1400,右,曇,ダート,重,2020年4月19日
3歳1勝クラス,2000,右,曇,芝,良,2020年4月19日
4歳以上1勝クラス,1200,右,曇,ダート,重,2020年4月19日
4歳以上1勝クラス,2200,右,曇,芝,良,2020年4月19日
山陽特別 ,1400,右,曇,芝,良,2020年4月19日
第25回アンタレスステークス(G3),1800,右,曇,ダート,稍重,2020年4月19日
4歳以上2勝クラス,1200,右,曇,ダート,稍重,2020年4月19日
3歳未勝利,1400,右,晴,ダート,良,2020年6月6日
3歳未勝利,1800,右,晴,ダート,良,2020年6月6日
3歳未勝利,1200,右,晴,ダート,良,2020年6月6日
3歳未勝利,2000,右,晴,芝,良,2020年6月6日
3歳以上1勝クラス,1800,右,曇,ダート,良,2020年6月6日
3歳以上1勝クラス,1200,右,曇,芝,良,2020年6月6日
天満橋ステークス ,1400,右,曇,ダート,良,2020年6月6日
第73回鳴尾記念(G3),2000,右,晴,芝,良,2020年6月6日
3歳以上2勝クラス,1200,右,晴,ダート,良,2020年6月6日
3歳未勝利,1800,右,晴,ダート,良,2020年6月7日
3歳未勝利,1400,右,晴,ダート,良,2020年6月7日
2歳新馬,1400,右,晴,芝,良,2020年6月7日
3歳未勝利,2000,右,晴,ダート,良,2020年6月7日
3歳以上1勝クラス,1800,右,晴,ダート,良,2020年6月7日
3歳以上1勝クラス,2000,右,晴,芝,良,2020年6月7日
皆生特別 ,1200,右,晴,芝,良,2020年6月7日
加古川特別 ,1800,右,晴,ダート,良,2020年6月7日
3歳以上1勝クラス,1400,右,晴,ダート,良,2020年6月7日
3歳未勝利,1800,右,曇,ダート,不良,2020年6月13日
3歳未勝利,1200,右,曇,ダート,不良,2020年6月13日
3歳未勝利,1800,右,曇,ダート,不良,2020年6月13日
2歳新馬,1200,右,雨,芝,稍重,2020年6月13日
3歳以上1勝クラス,1400,右,雨,ダート,不良,2020年6月13日
3歳以上1勝クラス,1800,右,雨,ダート,不良,2020年6月13日
三田特別 ,2200,右,雨,芝,稍重,2020年6月13日
天保山ステークス ,1400,右,雨,ダート,不良,2020年6月13日
3歳以上2勝クラス,1800,右,雨,ダート,不良,2020年6月13日
3歳未勝利,1200,右,曇,芝,重,2020年6月14日
3歳未勝利,1800,右,曇,ダート,不良,2020年6月14日
3歳未勝利,1400,右,晴,ダート,不良,2020年6月14日
3歳以上1勝クラス,1200,右,晴,ダート,重,2020年6月14日
洲本特別 ,1400,右,曇,ダート,重,2020年6月14日
灘ステークス ,2000,右,曇,ダート,重,2020年6月14日
第25回マーメイドステークス(G3),2000,右,曇,芝,稍重,2020年6月14日
3歳以上1勝クラス,1400,右,曇,芝,稍重,2020年6月14日
3歳未勝利,1200,右,晴,ダート,重,2020年6月20日
3歳未勝利,1400,右,晴,ダート,重,2020年6月20日
3歳未勝利,1800,右,晴,ダート,重,2020年6月20日
3歳未勝利,1400,右,晴,芝,稍重,2020年6月20日
2歳新馬,1200,右,晴,ダート,重,2020年6月20日
3歳以上1勝クラス,2000,右,晴,ダート,重,2020年6月20日
3歳以上1勝クラス,2000,右,晴,芝,良,2020年6月20日
安芸ステークス ,1200,右,晴,ダート,稍重,2020年6月20日
三宮ステークス ,1800,右,晴,ダート,稍重,2020年6月20日
3歳以上1勝クラス,1200,右,晴,芝,良,2020年6月20日
3歳未勝利,2200,右,晴,芝,良,2020年6月21日
3歳未勝利,1800,右,晴,ダート,稍重,2020年6月21日
3歳未勝利,1200,右,晴,ダート,稍重,2020年6月21日
3歳以上1勝クラス,1400,右,晴,ダート,稍重,2020年6月21日
鷹取特別 ,2000,右,晴,ダート,稍重,2020年6月21日
垂水ステークス ,2000,右,晴,芝,良,2020年6月21日
3歳以上2勝クラス,1200,右,晴,ダート,稍重,2020年6月21日
2歳未勝利,1400,右,晴,芝,良,2020年6月27日
3歳未勝利,1800,右,晴,ダート,良,2020年6月27日
3歳未勝利,1400,右,晴,ダート,良,2020年6月27日
3歳未勝利,1800,右,晴,ダート,良,2020年6月27日
2歳新馬,1200,右,曇,芝,良,2020年6月27日
3歳未勝利,2000,右,曇,芝,良,2020年6月27日
3歳以上1勝クラス,1800,右,曇,ダート,良,2020年6月27日
3歳以上1勝クラス,1200,右,曇,ダート,良,2020年6月27日
出石特別 ,1400,右,曇,芝,良,2020年6月27日
京橋特別 ,2000,右,曇,芝,良,2020年6月27日
水無月ステークス ,1200,右,曇,芝,良,2020年6月27日
3歳以上1勝クラス,1800,右,曇,ダート,良,2020年6月27日
3歳未勝利,1400,右,曇,ダート,稍重,2020年6月28日
3歳未勝利,1800,右,曇,ダート,稍重,2020年6月28日
3歳未勝利,2000,右,曇,ダート,稍重,2020年6月28日
3歳未勝利,1200,右,曇,ダート,稍重,2020年6月28日
3歳以上1勝クラス,2200,右,曇,芝,良,2020年6月28日
舞子特別 ,1400,右,晴,芝,良,2020年6月28日
花のみちステークス ,1800,右,雨,ダート,重,2020年6月28日
第61回宝塚記念(G1),2200,右,曇,芝,稍重,2020年6月28日
リボン賞 ,1800,右,曇,ダート,重,2020年6月28日
3歳未勝利,1400,右,小雨,ダート,不良,2020年7月4日
3歳未勝利,1800,右,雨,ダート,不良,2020年7月4日
2歳新馬,1400,右,曇,芝,重,2020年7月4日
2歳新馬,1200,右,曇,ダート,不良,2020年7月4日
3歳以上1勝クラス,1200,右,曇,ダート,不良,2020年7月4日
生田特別 ,2000,右,曇,芝,重,2020年7月4日
芦屋川特別 ,1200,右,曇,芝,重,2020年7月4日
大阪スポーツ杯 ,1400,右,曇,ダート,不良,2020年7月4日
3歳以上1勝クラス,1800,右,曇,ダート,不良,2020年7月4日
3歳未勝利,1800,右,晴,ダート,重,2020年7月5日
3歳未勝利,1200,右,晴,ダート,重,2020年7月5日
3歳未勝利,1200,右,晴,芝,稍重,2020年7月5日
3歳以上1勝クラス,1400,右,晴,ダート,重,2020年7月5日
3歳以上1勝クラス,1400,右,晴,芝,稍重,2020年7月5日
西脇特別 ,1800,右,晴,ダート,稍重,2020年7月5日
第56回CBC賞(G3),1200,右,晴,芝,稍重,2020年7月5日
3歳以上2勝クラス,1400,右,晴,ダート,稍重,2020年7月5日
3歳未勝利,1800,右,曇,ダート,不良,2020年7月11日
2歳新馬,1200,右,曇,芝,重,2020年7月11日
3歳未勝利,1400,右,曇,芝,重,2020年7月11日
3歳以上1勝クラス,1800,右,曇,ダート,重,2020年7月11日
マカオJCトロフィー ,1200,右,曇,ダート,重,2020年7月11日
インディアトロフィー ,1800,右,曇,ダート,重,2020年7月11日
3歳以上1勝クラス,1200,右,曇,芝,重,2020年7月11日
2歳未勝利,1200,右,晴,芝,稍重,2020年7月12日
3歳未勝利,1800,右,晴,ダート,重,2020年7月12日
3歳未勝利,2000,右,晴,芝,稍重,2020年7月12日
3歳未勝利,1400,右,晴,ダート,重,2020年7月12日
2歳新馬,1400,右,晴,ダート,稍重,2020年7月12日
3歳以上1勝クラス,1200,右,晴,ダート,稍重,2020年7月12日
フィリピントロフィー ,1800,右,晴,ダート,稍重,2020年7月12日
第25回プロキオンステークス(G3),1400,右,曇,ダート,稍重,2020年7月12日
2歳未勝利,1200,右,晴,ダート,稍重,2020年7月18日
3歳未勝利,1800,右,晴,ダート,稍重,2020年7月18日
3歳未勝利,1400,右,晴,ダート,稍重,2020年7月18日
3歳未勝利,2200,右,晴,芝,良,2020年7月18日
2歳新馬,1400,右,晴,芝,良,2020年7月18日
2歳新馬,1200,右,晴,芝,良,2020年7月18日
3歳未勝利,1800,右,晴,ダート,良,2020年7月18日
3歳以上1勝クラス,2000,右,晴,ダート,良,2020年7月18日
戎橋特別 ,1400,右,晴,芝,良,2020年7月18日
能勢特別 ,2000,右,晴,芝,良,2020年7月18日
ジュライステークス(L),1800,右,晴,ダート,良,2020年7月18日
2歳未勝利,1400,右,晴,芝,良,2020年7月19日
3歳未勝利,2000,右,晴,ダート,良,2020年7月19日
3歳未勝利,1200,右,晴,ダート,良,2020年7月19日
2歳新馬,2000,右,晴,芝,良,2020年7月19日
3歳以上1勝クラス,1800,右,晴,ダート,良,2020年7月19日
3歳以上1勝クラス,2200,右,晴,芝,良,2020年7月19日
神鍋特別 ,1400,右,晴,ダート,良,2020年7月19日
オークランドRCT ,1400,右,晴,芝,良,2020年7月19日
3歳以上1勝クラス,1400,右,晴,ダート,良,2020年7月19日
2歳未勝利,1400,右,小雨,ダート,良,2020年11月7日
2歳未勝利,1800,右,小雨,ダート,良,2020年11月7日
2歳未勝利,1400,右,曇,芝,良,2020年11月7日
2歳新馬,2000,右,曇,芝,良,2020年11月7日
2歳新馬,1800,右,曇,ダート,良,2020年11月7日
3歳以上1勝クラス,1200,右,曇,ダート,良,2020年11月7日
3歳以上2勝クラス,1800,右,曇,ダート,良,2020年11月7日
播州ステークス ,1200,右,曇,ダート,良,2020年11月7日
第25回KBSファンタジーS(G3),1400,右,曇,芝,良,2020年11月7日
2歳未勝利,1200,右,晴,ダート,良,2020年11月8日
2歳未勝利,2000,右,晴,芝,良,2020年11月8日
2歳新馬,1200,右,晴,ダート,良,2020年11月8日
2歳新馬,1400,右,晴,芝,良,2020年11月8日
3歳以上1勝クラス,1800,右,晴,ダート,良,2020年11月8日
3歳以上2勝クラス,2000,右,晴,ダート,良,2020年11月8日
鶴見特別 ,1200,右,晴,芝,良,2020年11月8日
道頓堀ステークス ,1400,右,晴,芝,良,2020年11月8日
第10回みやこステークス(G3),1800,右,晴,ダート,良,2020年11月8日
3歳以上2勝クラス,1400,右,晴,ダート,良,2020年11月8日
2歳未勝利,1200,右,晴,ダート,良,2020年11月14日
2歳未勝利,1800,右,晴,ダート,良,2020年11月14日
2歳未勝利,1200,右,晴,芝,良,2020年11月14日
2歳新馬,1400,右,晴,ダート,良,2020年11月14日
3歳以上1勝クラス,1400,右,晴,ダート,良,2020年11月14日
岸和田ステークス ,2000,右,晴,芝,良,2020年11月14日
摩耶ステークス ,1800,右,晴,ダート,良,2020年11月14日
3歳以上2勝クラス,1400,右,晴,芝,良,2020年11月14日
2歳未勝利,1800,右,晴,ダート,良,2020年11月15日
2歳未勝利,1400,右,晴,ダート,良,2020年11月15日
2歳新馬,1400,右,晴,芝,良,2020年11月15日
3歳以上1勝クラス,2000,右,晴,芝,良,2020年11月15日
3歳以上2勝クラス,1800,右,晴,ダート,良,2020年11月15日
3歳以上2勝クラス,2200,右,晴,芝,良,2020年11月15日
黄菊賞 ,2000,右,晴,芝,良,2020年11月15日
オータムリーフS ,1400,右,晴,ダート,良,2020年11月15日
第45回エリザベス女王杯(G1),2200,右,晴,芝,良,2020年11月15日
ドンカスターカップ ,1200,右,晴,ダート,良,2020年11月15日
2歳未勝利,1400,右,晴,ダート,良,2020年11月21日
2歳未勝利,1800,右,晴,ダート,良,2020年11月21日
2歳未勝利,1400,右,晴,芝,良,2020年11月21日
2歳未勝利,2000,右,晴,芝,良,2020年11月21日
2歳新馬,1200,右,晴,ダート,良,2020年11月21日
3歳以上2勝クラス,1800,右,晴,ダート,良,2020年11月21日
もちの木賞 ,1800,右,晴,ダート,良,2020年11月21日
瀬戸内海特別 ,1400,右,晴,芝,良,2020年11月21日
アンドロメダS(L),2000,右,晴,芝,良,2020年11月21日
3歳以上1勝クラス,1200,右,晴,ダート,良,2020年11月21日
2歳未勝利,1200,右,晴,ダート,良,2020年11月22日
2歳未勝利,1800,右,晴,ダート,良,2020年11月22日
2歳未勝利,1200,右,晴,芝,良,2020年11月22日
2歳新馬,2000,右,晴,芝,良,2020年11月22日
2歳新馬,1800,右,晴,ダート,良,2020年11月22日
3歳以上1勝クラス,1400,右,晴,ダート,良,2020年11月22日
3歳以上1勝クラス,1800,右,晴,ダート,良,2020年11月22日
妙見山特別 ,1400,右,曇,ダート,良,2020年11月22日
2歳未勝利,1800,右,曇,ダート,良,2020年11月23日
2歳未勝利,1400,右,曇,ダート,良,2020年11月23日
2歳新馬,1200,右,晴,芝,良,2020年11月23日
3歳以上1勝クラス,1800,右,晴,ダート,良,2020年11月23日
3歳以上1勝クラス,2000,右,晴,ダート,良,2020年11月23日
秋明菊賞 ,1400,右,晴,芝,良,2020年11月23日
猪名川特別 ,2000,右,晴,芝,良,2020年11月23日
姫路ステークス ,1400,右,晴,ダート,良,2020年11月23日
3歳以上1勝クラス,1400,右,晴,芝,良,2020年11月23日
2歳未勝利,1800,右,晴,ダート,良,2020年11月28日
2歳未勝利,1400,右,晴,芝,良,2020年11月28日
2歳未勝利,1200,右,晴,ダート,良,2020年11月28日
3歳以上1勝クラス,1800,右,晴,ダート,良,2020年11月28日
3歳以上2勝クラス,1200,右,晴,ダート,良,2020年11月28日
竹田城ステークス ,2000,右,曇,ダート,良,2020年11月28日
第7回ラジオN杯京都2歳S(G3),2000,右,晴,芝,良,2020年11月28日
3歳以上2勝クラス,1200,右,晴,芝,良,2020年11月28日
2歳未勝利,1400,右,晴,ダート,良,2020年11月29日
2歳未勝利,2000,右,晴,芝,良,2020年11月29日
2歳新馬,1800,右,晴,ダート,良,2020年11月29日
3歳以上1勝クラス,1400,右,晴,ダート,良,2020年11月29日
2歳新馬,1400,右,晴,芝,良,2020年11月29日
3歳以上2勝クラス,2000,右,晴,芝,良,2020年11月29日
3歳以上2勝クラス,1800,右,晴,ダート,良,2020年11月29日
カノープスステークス ,2000,右,晴,ダート,良,2020年11月29日
第65回京阪杯(G3),1200,右,晴,芝,良,2020年11月29日
2歳未勝利,1400,右,晴,ダート,良,2020年12月5日
2歳未勝利,1800,右,晴,ダート,良,2020年12月5日
2歳未勝利,1400,右,晴,芝,良,2020年12月5日
2歳新馬,1800,右,晴,ダート,良,2020年12月5日
3歳以上1勝クラス,1200,右,晴,ダート,良,2020年12月5日
3歳以上2勝クラス,2000,右,晴,芝,良,2020年12月5日
鳥取特別 ,2000,右,晴,ダート,良,2020年12月5日
御影ステークス ,1400,右,晴,ダート,良,2020年12月5日
第71回チャレンジカップ(G3),2000,右,晴,芝,良,2020年12月5日
3歳以上2勝クラス,1200,右,晴,ダート,良,2020年12月5日
2歳未勝利,1200,右,晴,ダート,良,2020年12月6日
2歳未勝利,1800,右,晴,ダート,良,2020年12月6日
2歳新馬,2000,右,晴,芝,良,2020年12月6日
2歳新馬,1400,右,晴,ダート,良,2020年12月6日
2歳未勝利,2000,右,晴,芝,良,2020年12月6日
3歳以上1勝クラス,1800,右,晴,ダート,良,2020年12月6日
さざんか賞 ,1200,右,晴,芝,良,2020年12月6日
りんくうステークス ,1200,右,晴,ダート,良,2020年12月6日
3歳以上2勝クラス,1400,右,晴,芝,良,2020年12月6日
2歳未勝利,1400,右,晴,ダート,良,2020年12月12日
2歳未勝利,1800,右,晴,ダート,良,2020年12月12日
2歳未勝利,1200,右,晴,ダート,良,2020年12月12日
2歳新馬,1200,右,曇,芝,良,2020年12月12日
2歳新馬,1400,右,曇,ダート,良,2020年12月12日
2歳未勝利,2000,右,曇,芝,良,2020年12月12日
3歳以上2勝クラス,1800,右,曇,ダート,良,2020年12月12日
エリカ賞 ,2000,右,曇,芝,良,2020年12月12日
3歳以上1勝クラス,1400,右,曇,ダート,良,2020年12月12日
2歳未勝利,1400,右,曇,ダート,良,2020年12月13日
2歳未勝利,1800,右,晴,ダート,良,2020年12月13日
2歳未勝利,1400,右,晴,芝,良,2020年12月13日
2歳新馬,1800,右,晴,ダート,良,2020年12月13日
2歳1勝クラス,1200,右,曇,ダート,良,2020年12月13日
オリオンステークス ,2200,右,曇,芝,良,2020年12月13日
堺ステークス ,1800,右,曇,ダート,良,2020年12月13日
赤穂特別 ,1400,右,曇,ダート,良,2020年12月13日
2歳未勝利,1800,右,曇,ダート,良,2020年12月19日
2歳未勝利,1200,右,曇,ダート,良,2020年12月19日
2歳未勝利,1800,右,曇,ダート,良,2020年12月19日
2歳新馬,1200,右,曇,ダート,良,2020年12月19日
2歳1勝クラス,1800,右,曇,ダート,良,2020年12月19日
3歳以上1勝クラス,2000,右,曇,ダート,良,2020年12月19日
北摂特別 ,1200,右,曇,芝,良,2020年12月19日
タンザナイトS ,1200,右,晴,芝,良,2020年12月19日
3歳以上1勝クラス,1400,右,晴,ダート,良,2020年12月19日
2歳未勝利,1400,右,晴,ダート,良,2020年12月20日
2歳未勝利,1800,右,晴,ダート,良,2020年12月20日
2歳新馬,2000,右,晴,芝,良,2020年12月20日
2歳新馬,1400,右,晴,芝,良,2020年12月20日
3歳以上1勝クラス,1200,右,晴,ダート,良,2020年12月20日
3歳以上2勝クラス,1800,右,晴,ダート,良,2020年12月20日
ベテルギウスS(L),1800,右,晴,ダート,良,2020年12月20日
高砂特別 ,1200,右,晴,ダート,良,2020年12月20日
2歳未勝利,1200,右,晴,ダート,良,2020年12月26日
2歳未勝利,1800,右,晴,ダート,良,2020年12月26日
2歳未勝利,1400,右,晴,ダート,良,2020年12月26日
2歳新馬,1800,右,晴,ダート,良,2020年12月26日
2歳1勝クラス,1400,右,晴,芝,良,2020年12月26日
3歳以上2勝クラス,2200,右,晴,芝,良,2020年12月26日
ヤングJSFR阪神2 ,1800,右,晴,ダート,良,2020年12月26日
元町ステークス ,2000,右,晴,芝,良,2020年12月26日
第15回阪神カップ(G2),1400,右,晴,芝,良,2020年12月26日
3歳以上2勝クラス,1400,右,晴,ダート,良,2020年12月26日
2歳未勝利,1800,右,晴,ダート,良,2020年12月27日
2歳未勝利,1200,右,晴,芝,良,2020年12月27日
2歳未勝利,1800,右,晴,ダート,良,2020年12月27日
2歳未勝利,2000,右,晴,芝,良,2020年12月27日
2歳新馬,1400,右,晴,芝,良,2020年12月27日
3歳以上1勝クラス,1800,右,晴,ダート,良,2020年12月27日
フォーチュンカップ ,1800,右,晴,ダート,良,2020年12月27日
ギャラクシーS ,1400,右,晴,ダート,良,2020年12月27日
2020ファイナルS ,1400,右,晴,芝,良,2020年12月27日
3歳未勝利,1000,右,曇,ダート,稍重,2020年1月18日
3歳未勝利,1700,右,曇,ダート,稍重,2020年1月18日
3歳未勝利,1200,右,曇,芝,稍重,2020年1月18日
3歳未勝利,1800,右,雨,芝,稍重,2020年1月18日
3歳新馬,2000,右,曇,芝,稍重,2020年1月18日
4歳以上1勝クラス,1700,右,曇,ダート,稍重,2020年1月18日
4歳以上1勝クラス,1700,右,小雨,ダート,稍重,2020年1月18日
4歳以上1勝クラス,1200,右,小雨,芝,稍重,2020年1月18日
4歳以上1勝クラス,1800,右,小雨,芝,稍重,2020年1月18日
小倉城特別 ,1700,右,小雨,ダート,重,2020年1月18日
第57回愛知杯(G3),2000,右,小雨,芝,重,2020年1月18日
鳥栖特別 ,1200,右,小雨,芝,重,2020年1月18日
3歳未勝利,1700,右,曇,ダート,重,2020年1月19日
4歳以上1勝クラス,1000,右,曇,ダート,重,2020年1月19日
3歳未勝利,1800,右,曇,芝,重,2020年1月19日
3歳未勝利,1200,右,曇,芝,重,2020年1月19日
3歳未勝利,2000,右,曇,芝,重,2020年1月19日
3歳新馬,1200,右,曇,芝,重,2020年1月19日
4歳以上1勝クラス,1700,右,曇,ダート,重,2020年1月19日
4歳以上1勝クラス,1200,右,曇,芝,重,2020年1月19日
4歳以上1勝クラス,2000,右,曇,芝,重,2020年1月19日
ネモフィラ賞 ,1700,右,曇,ダート,重,2020年1月19日
巌流島特別 ,1200,右,曇,芝,重,2020年1月19日
呼子特別 ,2600,右,曇,芝,重,2020年1月19日
3歳未勝利,1000,右,曇,ダート,重,2020年1月25日
3歳未勝利,1700,右,曇,ダート,重,2020年1月25日
3歳未勝利,1200,右,曇,芝,稍重,2020年1月25日
3歳未勝利,1800,右,曇,芝,稍重,2020年1月25日
3歳未勝利,2000,右,曇,芝,稍重,2020年1月25日
4歳以上1勝クラス,1700,右,曇,ダート,重,2020年1月25日
4歳以上1勝クラス,1200,右,曇,芝,稍重,2020年1月25日
4歳以上1勝クラス,1700,右,曇,ダート,重,2020年1月25日
4歳以上1勝クラス,2600,右,曇,芝,稍重,2020年1月25日
萌黄賞 ,1200,右,曇,芝,稍重,2020年1月25日
響灘特別 ,1700,右,曇,ダート,重,2020年1月25日
脊振山特別 ,1800,右,曇,芝,稍重,2020年1月25日
3歳未勝利,1700,右,曇,ダート,不良,2020年1月26日
4歳以上1勝クラス,1000,右,曇,ダート,不良,2020年1月26日
3歳未勝利,1200,右,曇,芝,重,2020年1月26日
3歳未勝利,2000,右,曇,芝,重,2020年1月26日
3歳新馬,1200,右,曇,芝,重,2020年1月26日
4歳以上1勝クラス,1800,右,晴,芝,重,2020年1月26日
4歳以上1勝クラス,2400,右,晴,ダート,不良,2020年1月26日
4歳以上1勝クラス,1200,右,晴,芝,重,2020年1月26日
4歳以上1勝クラス,2000,右,曇,芝,重,2020年1月26日
壇之浦特別 ,1800,右,曇,芝,重,2020年1月26日
門司ステークス ,1700,右,曇,ダート,不良,2020年1月26日
八幡特別 ,1200,右,曇,芝,重,2020年1月26日
3歳未勝利,1000,右,晴,ダート,不良,2020年2月1日
3歳未勝利,1700,右,晴,ダート,不良,2020年2月1日
3歳未勝利,2000,右,晴,芝,稍重,2020年2月1日
3歳未勝利,1200,右,晴,芝,稍重,2020年2月1日
3歳新馬,2000,右,晴,芝,稍重,2020年2月1日
4歳以上1勝クラス,1000,右,晴,ダート,重,2020年2月1日
4歳以上1勝クラス,1800,右,晴,芝,稍重,2020年2月1日
4歳以上1勝クラス,1700,右,晴,ダート,重,2020年2月1日
4歳以上1勝クラス,2000,右,晴,芝,稍重,2020年2月1日
くすのき賞 ,1700,右,晴,ダート,重,2020年2月1日
海の中道特別 ,2600,右,晴,芝,稍重,2020年2月1日
小郡特別 ,1200,右,晴,芝,稍重,2020年2月1日
3歳未勝利,1700,右,晴,ダート,重,2020年2月2日
4歳以上1勝クラス,1000,右,晴,ダート,重,2020年2月2日
3歳未勝利,2000,右,晴,芝,稍重,2020年2月2日
3歳未勝利,1200,右,晴,芝,稍重,2020年2月2日
3歳未勝利,1800,右,晴,芝,稍重,2020年2月2日
4歳以上1勝クラス,1700,右,晴,ダート,重,2020年2月2日
4歳以上1勝クラス,1200,右,晴,芝,稍重,2020年2月2日
4歳以上1勝クラス,1700,右,晴,ダート,重,2020年2月2日
4歳以上1勝クラス,2600,右,晴,芝,稍重,2020年2月2日
開聞岳特別 ,1700,右,晴,ダート,重,2020年2月2日
周防灘特別 ,1200,右,晴,芝,稍重,2020年2月2日
宝満山特別 ,2000,右,晴,芝,稍重,2020年2月2日
3歳未勝利,1000,右,晴,ダート,良,2020年2月8日
3歳未勝利,1700,右,晴,ダート,良,2020年2月8日
3歳未勝利,1800,右,晴,芝,良,2020年2月8日
3歳未勝利,1200,右,晴,芝,良,2020年2月8日
3歳未勝利,2000,右,晴,芝,良,2020年2月8日
4歳以上1勝クラス,1700,右,晴,ダート,良,2020年2月8日
4歳以上1勝クラス,2400,右,晴,ダート,良,2020年2月8日
4歳以上1勝クラス,1800,右,晴,芝,良,2020年2月8日
4歳以上1勝クラス,1700,右,晴,ダート,良,2020年2月8日
かささぎ賞 ,1200,右,晴,芝,良,2020年2月8日
太宰府特別 ,2000,右,晴,芝,良,2020年2月8日
大牟田特別 ,1200,右,晴,芝,良,2020年2月8日
3歳未勝利,1700,右,曇,ダート,良,2020年2月9日
4歳以上1勝クラス,1000,右,曇,ダート,良,2020年2月9日
3歳未勝利,1200,右,曇,芝,良,2020年2月9日
3歳未勝利,1800,右,曇,芝,良,2020年2月9日
3歳未勝利,1200,右,曇,芝,良,2020年2月9日
4歳以上1勝クラス,2600,右,曇,芝,良,2020年2月9日
4歳以上1勝クラス,1700,右,曇,ダート,良,2020年2月9日
4歳以上1勝クラス,2000,右,曇,芝,良,2020年2月9日
4歳以上1勝クラス,1200,右,曇,芝,良,2020年2月9日
和布刈特別 ,1700,右,曇,ダート,良,2020年2月9日
関門橋ステークス ,2000,右,曇,芝,良,2020年2月9日
日田特別 ,1800,右,曇,芝,良,2020年2月9日
3歳未勝利,1000,右,曇,ダート,重,2020年2月15日
3歳未勝利,1700,右,小雨,ダート,重,2020年2月15日
3歳未勝利,2000,右,曇,芝,良,2020年2月15日
3歳未勝利,1200,右,曇,芝,良,2020年2月15日
3歳未勝利,1800,右,曇,芝,良,2020年2月15日
4歳以上1勝クラス,1700,右,曇,ダート,重,2020年2月15日
4歳以上1勝クラス,1800,右,晴,芝,良,2020年2月15日
4歳以上1勝クラス,1700,右,晴,ダート,重,2020年2月15日
4歳以上1勝クラス,1000,右,晴,ダート,重,2020年2月15日
あすなろ賞 ,2000,右,曇,芝,良,2020年2月15日
紫川特別 ,1200,右,曇,芝,良,2020年2月15日
合馬特別 ,1200,右,曇,芝,良,2020年2月15日
3歳未勝利,1700,右,雨,ダート,不良,2020年2月16日
3歳未勝利,1700,右,雨,ダート,不良,2020年2月16日
3歳未勝利,1200,右,雨,芝,重,2020年2月16日
3歳未勝利,2000,右,雨,芝,重,2020年2月16日
4歳以上1勝クラス,1000,右,小雨,ダート,不良,2020年2月16日
4歳以上1勝クラス,2600,右,小雨,芝,重,2020年2月16日
4歳以上1勝クラス,2000,右,曇,芝,重,2020年2月16日
4歳以上1勝クラス,1200,右,曇,芝,重,2020年2月16日
4歳以上1勝クラス,1700,右,曇,ダート,不良,2020年2月16日
玄海特別 ,1800,右,曇,芝,重,2020年2月16日
北九州短距離S ,1200,右,曇,芝,重,2020年2月16日
唐戸特別 ,2000,右,曇,芝,重,2020年2月16日
3歳未勝利,1700,右,曇,ダート,不良,2020年2月22日
3歳未勝利,1700,右,曇,ダート,不良,2020年2月22日
3歳未勝利,1200,右,晴,芝,重,2020年2月22日
3歳未勝利,1800,右,晴,芝,重,2020年2月22日
3歳未勝利,2000,右,晴,芝,重,2020年2月22日
4歳以上1勝クラス,2400,右,晴,ダート,不良,2020年2月22日
4歳以上1勝クラス,1200,右,晴,芝,重,2020年2月22日
4歳以上1勝クラス,1000,右,晴,ダート,不良,2020年2月22日
4歳以上1勝クラス,2600,右,晴,芝,稍重,2020年2月22日
早鞆特別 ,1700,右,晴,ダート,不良,2020年2月22日
帆柱山特別 ,1200,右,晴,芝,稍重,2020年2月22日
八代特別 ,1200,右,晴,芝,稍重,2020年2月22日
3歳未勝利,1000,右,晴,ダート,重,2020年2月23日
3歳未勝利,1700,右,晴,ダート,重,2020年2月23日
3歳未勝利,1200,右,晴,芝,稍重,2020年2月23日
3歳未勝利,2000,右,晴,芝,稍重,2020年2月23日
4歳以上1勝クラス,1700,右,晴,ダート,重,2020年2月23日
4歳以上1勝クラス,1200,右,晴,芝,良,2020年2月23日
4歳以上1勝クラス,1800,右,晴,芝,良,2020年2月23日
4歳以上1勝クラス,2000,右,晴,芝,良,2020年2月23日
4歳以上1勝クラス,1700,右,晴,ダート,重,2020年2月23日
あざみ賞 ,1200,右,晴,芝,良,2020年2月23日
第54回小倉大賞典(G3),1800,右,晴,芝,良,2020年2月23日
皿倉山特別 ,2600,右,晴,芝,良,2020年2月23日
3歳未勝利,1200,右,晴,芝,良,2020年8月15日
3歳未勝利,1700,右,晴,ダート,良,2020年8月15日
2歳新馬,1200,右,晴,芝,良,2020年8月15日
2歳新馬,1200,右,晴,芝,良,2020年8月15日
3歳未勝利,2000,右,晴,芝,良,2020年8月15日
3歳以上1勝クラス,1000,右,晴,ダート,良,2020年8月15日
フェニックス賞 ,1200,右,晴,芝,良,2020年8月15日
西部日刊スポーツ杯 ,2000,右,晴,芝,良,2020年8月15日
阿蘇ステークス ,1700,右,晴,ダート,良,2020年8月15日
3歳以上1勝クラス,1800,右,晴,芝,良,2020年8月15日
2歳未勝利,1200,右,晴,芝,良,2020年8月16日
3歳未勝利,1000,右,晴,ダート,良,2020年8月16日
3歳未勝利,1800,右,晴,芝,良,2020年8月16日
3歳未勝利,1700,右,晴,ダート,良,2020年8月16日
2歳新馬,1200,右,晴,芝,良,2020年8月16日
2歳新馬,1200,右,晴,芝,良,2020年8月16日
3歳以上1勝クラス,2000,右,晴,芝,良,2020年8月16日
3歳以上1勝クラス,1700,右,晴,ダート,良,2020年8月16日
筑紫特別 ,1200,右,晴,芝,良,2020年8月16日
博多ステークス ,2000,右,晴,芝,良,2020年8月16日
第56回小倉記念(G3),2000,右,晴,芝,良,2020年8月16日
RKB賞 ,1700,右,晴,ダート,良,2020年8月16日
2歳未勝利,1200,右,晴,芝,良,2020年8月22日
2歳未勝利,1800,右,晴,芝,良,2020年8月22日
3歳未勝利,2600,右,晴,芝,良,2020年8月22日
3歳未勝利,1700,右,晴,ダート,良,2020年8月22日
2歳新馬,1200,右,晴,芝,良,2020年8月22日
2歳新馬,1700,右,晴,ダート,良,2020年8月22日
3歳未勝利,1200,右,晴,芝,良,2020年8月22日
3歳以上1勝クラス,1700,右,曇,ダート,良,2020年8月22日
都井岬特別 ,2000,右,曇,芝,良,2020年8月22日
宮崎特別 ,1800,右,晴,芝,良,2020年8月22日
佐世保ステークス ,1200,右,晴,芝,良,2020年8月22日
3歳以上2勝クラス,1000,右,晴,ダート,良,2020年8月22日
2歳未勝利,1200,右,曇,芝,良,2020年8月23日
3歳未勝利,1700,右,雨,ダート,稍重,2020年8月23日
3歳未勝利,2000,右,小雨,芝,稍重,2020年8月23日
2歳新馬,1800,右,小雨,芝,稍重,2020年8月23日
3歳未勝利,1000,右,曇,ダート,重,2020年8月23日
3歳以上1勝クラス,1200,右,晴,芝,稍重,2020年8月23日
3歳以上1勝クラス,1700,右,晴,ダート,重,2020年8月23日
西部スポニチ賞 ,1200,右,晴,芝,稍重,2020年8月23日
薩摩ステークス ,1700,右,晴,ダート,重,2020年8月23日
第55回TV西日本北九州記念(G3),1200,右,晴,芝,稍重,2020年8月23日
3歳以上1勝クラス,1800,右,晴,芝,稍重,2020年8月23日
2歳未勝利,1000,右,晴,ダート,良,2020年8月29日
2歳未勝利,1200,右,晴,芝,良,2020年8月29日
3歳未勝利,1700,右,晴,ダート,良,2020年8月29日
3歳未勝利,1800,右,晴,芝,良,2020年8月29日
2歳新馬,2000,右,晴,芝,良,2020年8月29日
3歳未勝利,1000,右,晴,ダート,良,2020年8月29日
3歳以上1勝クラス,1200,右,晴,芝,良,2020年8月29日
ひまわり賞 ,1200,右,晴,芝,良,2020年8月29日
西海賞 ,2000,右,晴,芝,良,2020年8月29日
釜山ステークス ,1000,右,晴,ダート,良,2020年8月29日
3歳以上1勝クラス,1800,右,晴,芝,良,2020年8月29日
2歳未勝利,2000,右,晴,芝,良,2020年8月30日
3歳未勝利,1200,右,晴,芝,良,2020年8月30日
3歳未勝利,1700,右,晴,ダート,良,2020年8月30日
3歳未勝利,1200,右,晴,芝,良,2020年8月30日
2歳新馬,1200,右,晴,芝,良,2020年8月30日
3歳未勝利,2000,右,晴,芝,良,2020年8月30日
3歳以上1勝クラス,1000,右,晴,ダート,良,2020年8月30日
3歳以上1勝クラス,1200,右,晴,芝,良,2020年8月30日
英彦山特別 ,2000,右,晴,芝,良,2020年8月30日
九州スポーツ杯 ,1700,右,晴,ダート,良,2020年8月30日
小倉日経オープン ,1800,右,晴,芝,良,2020年8月30日
3歳以上1勝クラス,1700,右,晴,ダート,良,2020年8月30日
2歳未勝利,1700,右,曇,ダート,良,2020年9月5日
2歳未勝利,1800,右,曇,芝,良,2020年9月5日
3歳未勝利,1000,右,曇,ダート,良,2020年9月5日
3歳未勝利,1200,右,曇,芝,良,2020年9月5日
2歳新馬,1200,右,曇,芝,良,2020年9月5日
3歳未勝利,1700,右,曇,ダート,良,2020年9月5日
3歳未勝利,2000,右,曇,芝,良,2020年9月5日
3歳以上1勝クラス,1800,右,曇,芝,良,2020年9月5日
天草特別 ,1700,右,曇,ダート,良,2020年9月5日
桜島ステークス ,1700,右,曇,ダート,良,2020年9月5日
テレQ杯 ,1200,右,曇,芝,良,2020年9月5日
3歳以上1勝クラス,2600,右,曇,芝,良,2020年9月5日
2歳未勝利,1200,右,曇,芝,良,2020年9月6日
3歳未勝利,1700,右,曇,ダート,良,2020年9月6日
3歳未勝利,2000,右,曇,芝,良,2020年9月6日
2歳新馬,1800,右,曇,芝,良,2020年9月6日
3歳未勝利,1700,右,雨,ダート,良,2020年9月6日
3歳以上1勝クラス,1200,右,雨,芝,稍重,2020年9月6日
3歳以上1勝クラス,1000,右,雨,ダート,稍重,2020年9月6日
別府特別 ,1200,右,雨,芝,重,2020年9月6日
西日本スポーツ杯 ,1800,右,雨,芝,重,2020年9月6日
第40回小倉2歳ステークス(G3),1200,右,雨,芝,重,2020年9月6日
3歳以上1勝クラス,1700,右,雨,ダート,重,2020年9月6日
